Workbook

Sheet 开票
A1: 深远5月材料开票清单（杭友开票） | D1: 做成 | E1: 财务 | F1: 原价 | G1: 外协
D2: 夏正芹
A3: 代码 | B3: 新代码 | C3: 材料名称 | D3: 数量 | E3: 单价 | F3: 金额
A4: =VLOOKUP(B:B,[1]原材料!$D$1:$E$65536,2,0) -> #N/A | B4: A1.1136 | C4: PA66+FG30 A104GH 6PS黑 | D4: 0 | E4: 24 | F4: =D4*E4 -> 0
A5: =VLOOKUP(B:B,[1]原材料!$D$1:$E$65536,2,0) -> A1.1530 | B5: A1.4214 | C5: APO 0816 HI JA6 BK | D5: 0 | E5: =VLOOKUP(A:A,[2]深远增税!$E$1:$Q$65536,13,0) -> 14.1 | F5: =D5*E5 -> 0
A6: =VLOOKUP(B:B,[1]原材料!$D$1:$E$65536,2,0) -> A1.1447 | B6: A1.4354 | C6: PA66 GF30 AKROMID A3 黑色 2385 | D6: 0 | E6: 34.39 | F6: =D6*E6 -> 0
A7: =VLOOKUP(B:B,[1]原材料!$D$1:$E$65536,2,0) -> A1.1678 | B7: A1.5193 | C7: PP A422 GM30RC（M） CB2685黑 | D7: 0 | E7: 10.26 | F7: =D7*E7 -> 0
A8: =VLOOKUP(B:B,[1]原材料!$D$1:$E$65536,2,0) -> #N/A | B8: F2.0380 | C8: 已全检标签 | D8: 0 | E8: 1.33 | F8: =D8*E8 -> 0
A9: =VLOOKUP(B:B,[1]原材料!$D$1:$E$65536,2,0) -> A1.1079 | B9: A1.4317 | C9: PA6 MG30 HSBK006 | D9: 6000 | E9: 17.8 | F9: =D9*E9 -> 106800
A10: A1.0973 | B10: A1.4093 | C10: ABS H02031B7 | D10: 0 | E10: 21.2 | F10: =D10*E10 -> 0
B11: F2.0363 | C11: 条码打印不干胶 | D11: 0 | E11: 20.51 | F11: =D11*E11 -> 0
B12: F2.0383 | C12: 标签不干胶 | D12: 0 | E12: 1.86 | F12: =D12*E12 -> 0
B13: F9.0462 | C13: 成形生产管理表 | D13: 5 | E13: 6.87 | F13: =D13*E13 -> 34.35
A14: =VLOOKUP(B:B,[1]原材料!$D$1:$E$65536,2,0) -> A1.1681 | B14: A1.5195 | C14: PP A422 LG30 B12378L黑 | D14: 0 | E14: =VLOOKUP(A:A,[2]深远增税!$E$1:$Q$65536,13,0) -> 13.5 | F14: =D14*E14 -> 0
A15: =VLOOKUP(B:B,[1]原材料!$D$1:$E$65536,2,0) -> A1.1511 | B15: A1.5328 | C15: PP HIFAX TYC 1152P BK | D15: 0 | E15: =VLOOKUP(A:A,[2]深远增税!$E$1:$Q$65536,13,0) -> 14.7 | F15: =D15*E15 -> 0
A16: =VLOOKUP(B:B,[1]原材料!$D$1:$E$65536,2,0) -> A1.1823 | B16: A1.5511 | C16: TPE AF 7210-70 ZHE 黑色 | D16: 0 | E16: 38 | F16: =D16*E16 -> 0
A17: =VLOOKUP(B:B,[1]原材料!$D$1:$E$65536,2,0) -> Z1.0435 | B17: F1.0411 | C17: E13864600 | D17: 18000 | E17: =VLOOKUP(A:A,[2]深远增税!$E$1:$Q$65536,13,0) -> 0.63 | F17: =D17*E17 -> 11340
A18: =VLOOKUP(B:B,[1]原材料!$D$1:$E$65536,2,0) -> Z1.0436 | B18: F1.0412 | C18: E13865200 | D18: 9000 | E18: =VLOOKUP(A:A,[2]深远增税!$E$1:$Q$65536,13,0) -> 0.77 | F18: =D18*E18 -> 6930
A19: =VLOOKUP(B:B,[1]原材料!$D$1:$E$65536,2,0) -> Z1.0448 | B19: F1.0415 | C19: E14383300（E10681900） | D19: 0 | E19: =VLOOKUP(A:A,[2]深远增税!$E$1:$Q$65536,13,0) -> 8.23 | F19: =D19*E19 -> 0
A20: =VLOOKUP(B:B,[1]原材料!$D$1:$E$65536,2,0) -> Z1.0450 | B20: F1.0416 | C20: E14383500（E10682100） | D20: 0 | E20: =VLOOKUP(A:A,[2]深远增税!$E$1:$Q$65536,13,0) -> 7.5 | F20: =D20*E20 -> 0
A21: =VLOOKUP(B:B,[1]原材料!$D$1:$E$65536,2,0) -> Z1.0449 | B21: F1.0417 | C21: E14383600（E10881800） | D21: 5000 | E21: =VLOOKUP(A:A,[2]深远增税!$E$1:$Q$65536,13,0) -> 0.88 | F21: =D21*E21 -> 4400
A22: =VLOOKUP(B:B,[1]原材料!$D$1:$E$65536,2,0) -> Z1.1314 | B22: F1.2115 | C22: 卡扣W714972-S300 | D22: 24000 | E22: =VLOOKUP(A:A,[2]深远增税!$E$1:$Q$65536,13,0) -> 0.13 | F22: =D22*E22 -> 3120
A23: =VLOOKUP(B:B,[1]原材料!$D$1:$E$65536,2,0) -> A1.1118 | B23: A1.4216 | C23: APO-308（PP-GF20%+MF10) BLACK | D23: 12000 | E23: =VLOOKUP(A:A,[2]深远增税!$E$1:$Q$65536,13,0) -> 10.9 | F23: =D23*E23 -> 130800
A24: =VLOOKUP(B:B,[1]原材料!$D$1:$E$65536,2,0) -> A1.1862 | B24: A1.4338 | C24: PA66 C200 BK121 | D24: 700 | E24: 31 | F24: =D24*E24 -> 21700
A25: Z1.0451 | B25: F1.0414 | C25: E14383000（E6679200） | D25: 6000 | E25: =VLOOKUP(A:A,[2]深远增税!$E$1:$Q$65536,13,0) -> 0.44 | F25: =D25*E25 -> 2640
A26: A1.1353 | B26: A1.4377 | C26: PA6-GF10-M20 | D26: 1600 | E26: 21 | F26: =D26*E26 -> 33600
B27: A1.6935 | C27: PA6 MG30 HSBK101黑色 | D27: 0 | E27: 21 | F27: =D27*E27 -> 0 | H27: 替代A1.4337
A28: Z1.0326 | B28: F1.0271 | C28: COVER PET覆膜 | D28: 14200 | E28: 0.53 | F28: =D28*E28 -> 7526
A29: =VLOOKUP(B:B,[1]原材料!$D$1:$E$65536,2,0) -> A1.0887 | B29: A1.4335 | C29: =VLOOKUP(B:B,[3]杭友!G:H,2,0) -> PA66 A3K NC | D29: 0 | E29: 35 | F29: =D29*E29 -> 0
A30: =VLOOKUP(B:B,[1]原材料!$D$1:$E$65536,2,0) -> A1.1806 | B30: A1.4425 | C30: =VLOOKUP(B:B,[3]杭友!G:H,2,0) -> PBT PET GF15 DSPBT-A001黑 | D30: 0 | E30: 13.3 | F30: =D30*E30 -> 0
A31: =VLOOKUP(B:B,[1]原材料!$D$1:$E$65536,2,0) -> A1.1680 | B31: A1.5228 | C31: =VLOOKUP(B:B,[3]杭友!G:H,2,0) -> PP C3322T M12F CB2685黑 | D31: 0 | E31: 11.6 | F31: =D31*E31 -> 0
A32: =VLOOKUP(B:B,[1]原材料!$D$1:$E$65536,2,0) -> Z1.0452 | B32: F1.0413 | C32: =VLOOKUP(B:B,[3]杭友!G:H,2,0) -> E14382900（E10629100） | D32: 6000 | E32: 0.38 | F32: =D32*E32 -> 2280
A33: =VLOOKUP(B:B,[1]原材料!$D$1:$E$65536,2,0) -> Z1.0453 | B33: F1.0418 | C33: =VLOOKUP(B:B,[3]杭友!G:H,2,0) -> E14383700（E11006400） | D33: 10400 | E33: 0.61 | F33: =D33*E33 -> 6344
A34: =VLOOKUP(B:B,[1]原材料!$D$1:$E$65536,2,0) -> #N/A | B34: AA.5388 | C34: PP/EPDM Santoprene 121-62M100 | D34: 0 | E34: 37.8 | F34: =D34*E34 -> 0
A35: =VLOOKUP(B:B,[1]原材料!$D$1:$E$65536,2,0) -> A1.1308 | B35: A1.5386 | C35: PP TYC852P C15715 YZ9 | D35: 0 | E35: 14.4 | F35: =D35*E35 -> 0
A36: =VLOOKUP(B:B,[1]原材料!$D$1:$E$65536,2,0) -> A1.1119 | B36: A1.4217 | C36: APO-308（PP-GF20%+MF10) WHITE | D36: 0 | E36: 10.9 | F36: =D36*E36 -> 0
B37: A1.5380 | C37: PP TD17 BMV214W10609M | D37: 1000 | E37: 10.7 | F37: =D37*E37 -> 10700
A38: =VLOOKUP(B:B,[1]原材料!$D$1:$E$65536,2,0) -> Z1.1533 | B38: F1.1956 | C38: 圆柱嵌件32055435T | D38: 0 | E38: 0.4 | F38: =D38*E38 -> 0
A39: =VLOOKUP(B:B,[1]原材料!$D$1:$E$65536,2,0) -> Z2.113 | B39: F2.0189 | C39: 文兴清洗剂 | D39: 0 | E39: 9.4 | F39: =D39*E39 -> 0
B40: F2.0190 | C40: 文兴脱膜剂 | D40: 0 | E40: 8.72 | F40: =D40*E40 -> 0
A41: =VLOOKUP(B:B,[1]原材料!$D$1:$E$65536,2,0) -> #N/A | B41: Z9.0221 | C41: 对策品名单 | D41: 0 | E41: 2.69 | F41: =D41*E41 -> 0
A42: =VLOOKUP(B:B,[1]原材料!$D$1:$E$65536,2,0) -> #N/A | B42: F9.0469 | C42: 外协领料单 | D42: 0 | E42: 5.5146667 | F42: =D42*E42 -> 0
A43: =VLOOKUP(B:B,[1]原材料!$D$1:$E$65536,2,0) -> #N/A | B43: Z9.224 | C43: 成型生产管理表 | D43: 0 | E43: 6.87 | F43: =D43*E43 -> 0
A44: =VLOOKUP(B:B,[1]原材料!$D$1:$E$65536,2,0) -> #N/A | B44: F9.0483 | C44: 李尔明细书134*90nn | D44: 0 | E44: 5.1327 | F44: =D44*E44 -> 0
B45: F9.0495 | C45: 麦格纳明细书 | D45: 80 | E45: 5.1327 | F45: =D45*E45 -> 410.616
B46: F9.0489 | C46: 明细书(大)132mm*95mm | D46: 0 | E46: 3.71 | F46: =D46*E46 -> 0
B47: Z9.237 | C47: 产品入库单(小) | D47: 0 | E47: 5.92 | F47: =D47*E47 -> 0
B48: F2.0201 | C48: 无水乙醇 | D48: 0 | E48: 5.16 | F48: =D48*E48 -> 0
A49: A1.1772 | B49: A1.5413 | C49: PP+EPDM+T20 P20T20A10-LE（CS）碳黑 | D49: 110 | E49: 10.8 | F49: =D49*E49 -> 1188
A50: A1.1648 | B50: A1.5313 | C50: PPGF30 HSBK011 | D50: 0 | E50: 8.585 | F50: =D50*E50 -> 0
A51: A1.1544 | B51: A1.4166 | C51: ABS HH106 | D51: 0 | E51: 17 | F51: =D51*E51 -> 0
A52: Z1.0626 | B52: F1.0261 | C52: CLIP W719592 | D52: 0 | E52: 0.1 | F52: =D52*E52 -> 0
B53: A1.5264 | C53: PP ERC161N Mammoth blake NEU 100i C1 C15976 | D53: 0 | E53: 11.2 | F53: =D53*E53 -> 0
A54: Z1.0477 | B54: F1.0069 | C54: 2735073X 泡棉（带背胶） 112*96*8 | D54: 0 | E54: 0.582 | F54: =D54*E54 -> 0
A55: Z1.0478 | B55: F1.0066 | C55: 2735070X 吸音棉（带背胶） 260*146*21 | D55: 0 | E55: 0.844 | F55: =D55*E55 -> 0
A56: Z1.0476 | B56: F1.0068 | C56: 2735072X 泡棉（带背胶） 90*50*8 | D56: 0 | E56: 0.466 | F56: =D56*E56 -> 0
A57: Z1.0616 | B57: F1.1154 | C57: M6排力螺母 W718039-S439 | D57: 0 | E57: 0.25 | F57: =D57*E57 -> 0
A58: Z1.0618 | B58: F1.1871 | C58: 限压环-圆形 9*11*6 | D58: 0 | E58: 0.385 | F58: =D58*E58 -> 0
A59: Z1.0617 | B59: F1.1872 | C59: 限压环-圆形 9*9*6 | D59: 0 | E59: 0.385 | F59: =D59*E59 -> 0
A60: A1.1812 | B60: A1.4299 | C60: PA6 BKV60H2.0 900116黑 | D60: 0 | E60: 24 | F60: =D60*E60 -> 0
A61: A1.1983 | B61: A1.5420 | C61: PP+EPDM+TD20 P20T20A10-LE-MP(S011B) 深蓝 | D61: 0 | E61: 9.5 | F61: =D61*E61 -> 0
A62: A1.1982 | B62: A1.5422 | C62: PP+EPDM+TD20 P20T20A10-LE-MP(S012SG)岩石灰 | D62: 0 | E62: 9.5 | F62: =D62*E62 -> 0
A63: A1.1813 | B63: A1.4681 | C63: PC/ABS CB2340 CB2685 ZHE 黑 | D63: 0 | E63: 22 | F63: =D63*E63 -> 0
B64: A1.4021 | C64: AAS TW23V 0000K黑 | D64: 0 | E64: 30.8 | F64: =D64*E64 -> 0
B65: A1.5226 | C65: PP C3322T B18(UV) JA6 | D65: 1000 | E65: 14.1 | F65: =D65*E65 -> 14100
B66: A1.6621 | C66: PP LGF40 P707LG BK黑色 | D66: 1825 | E66: 13 | F66: =D66*E66 -> 23725
E67: 不含税合计 | F67: =SUM(F4:G66) -> 387637.97
A68: 没有价格 | E68: 含税合计 | F68: =ROUND(F67*1.13,2) -> 438030.9
A69: =VLOOKUP(B:B,[1]原材料!$D$1:$E$65536,2,0) -> A1.1814 | B69: A1.5236 | C69: PP C6540L 638B CB2685 ZHE 黑 | D69: 0
A70: =VLOOKUP(B:B,[1]原材料!$D$1:$E$65536,2,0) -> Z1.0569 | B70: F1.1756 | C70: 铁卡子 W700970（VP179126.00.03） | D70: 0
A71: =VLOOKUP(B:B,[1]原材料!$D$1:$E$65536,2,0) -> #N/A | B71: F1.2287 | C71: 麦拉片 27*19*0.2 | D71: 4000
A72: =VLOOKUP(B:B,[1]原材料!$D$1:$E$65536,2,0) -> A1.1909 | B72: A1.5232 | C72: PP C3322T M12F JM8 SH4865灰 | D72: 0
B73: A1.6336 | C73: PP BA215JL BK274灰色 | D73: 0
A74: =VLOOKUP(B:B,[1]原材料!$D$1:$E$65536,2,0) -> A1.1907 | B74: A1.5358 | C74: PP T20 A5132T-729-A3 JM8 SH4865灰 | D74: 200
A75: =VLOOKUP(B:B,[1]原材料!$D$1:$E$65536,2,0) -> Z1.0639 | B75: F1.1537 | C75: 卡子 W716437-S300 | D75: 10000
A76: =VLOOKUP(B:B,[1]原材料!$D$1:$E$65536,2,0) -> Z1.0608 | B76: F1.1592 | C76: 毛毡 50*10*0.5 | D76: 4000
A77: =VLOOKUP(B:B,[1]原材料!$D$1:$E$65536,2,0) -> Z1.0606 | B77: F1.2108 | C77: 左侧吸音棉 156*137*15 | D77: 2000
A78: #N/A | B78: A1.5779 | C78: PP T6326A15 | D78: 0
A79: =VLOOKUP(B:B,[1]原材料!$D$1:$E$65536,2,0) -> A1.1906 | B79: A1.5357 | C79: PP T20 A5132T-729-A3 EA9 CB1690黑 | D79: 1000
A80: =VLOOKUP(B:B,[1]原材料!$D$1:$E$65536,2,0) -> A1.1766 | B80: A1.5493 | C80: TEO 3000-60A 黑 | D80: 0
A81: =VLOOKUP(B:B,[1]原材料!$D$1:$E$65536,2,0) -> A1.1722 | B81: A1.5664 | C81: TPV G 65A 哑黑IK08 | D81: 0
A82: =VLOOKUP(B:B,[1]原材料!$D$1:$E$65536,2,0) -> Z1.0621 | B82: F1.1551 | C82: 螺钉 W718102（VP195419.00.04） | D82: 0
A83: Z1.0320 | B83: F1.0406 | C83: E09202300嵌件 | D83: 0
A84: A1.1694 | B84: A1.5311 | C84: PP GF30 FRBK101黑 | D84: 0
A85: A1.0831 | B85: A1.5109 | C85: POM 500P NC010 | D85: 0
A86: A1.1811 | B86: A1.5326 | C86: PP H1407R 黑 | D86: 0
A87: Z1.0571 | B87: F1.0858 | C87: Flocked Tape 毛毡 30*17*1 | D87: 1000
A88: Z1.0572 | B88: F1.0888 | C88: Foam 泡沫块 30*12*2.5 | D88: 0
A89: Z1.0568 | B89: F1.1536 | C89: 卡子 W705093-S403（VP179813.00.41） | D89: 0
A90: =VLOOKUP(B:B,[1]原材料!$D$1:$E$65536,2,0) -> A1.1908 | B90: A1.5230 | C90: PP C3322T M12F EA9 CB1690黑 | D90: 0
A91: =VLOOKUP(B:B,[1]原材料!$D$1:$E$65536,2,0) -> Z1.0575 | B91: F1.1331 | C91: W719189-S403 | D91: 0
A92: =VLOOKUP(B:B,[1]原材料!$D$1:$E$65536,2,0) -> Z1.0524 | B92: F1.1572 | C92: 螺母VP137346.00.04 | D92: 0
A93: =VLOOKUP(B:B,[1]原材料!$D$1:$E$65536,2,0) -> #N/A | B93: F1.2126 | C93: 盘头法兰平尾螺丝黑色 VP194416.00.06 | D93: 0
A94: =VLOOKUP(B:B,[4]原材料!$D$1:$E$65536,2,0) -> #N/A | B94: A1.5957 | C94: PP P20T20A10-LE-CS（Brown）焦糖色 | D94: 0
A95: =VLOOKUP(B:B,[4]原材料!$D$1:$E$65536,2,0) -> #N/A | B95: A1.5985 | C95: ABS 3450F-HH B12378L | D95: 0
B96: F1.1539 | C96: 卡子 W720456-S300（VP379489.00.00） | D96: 0
B97: A1.4219 | C97: ASA 777KUV BK61099 | D97: 0
B98: A1.6014 | C98: PP P20T20A10-LE（Dawn）曙光灰 | D98: 0
B99: F1.1328 | C99: W710609-S439 | D99: 0
B100: A1.5227 | C100: PP C3322T M12F CB2685 ZHE 黑 | D100: 0
...

Sheet Sheet2
A3: 图号 | B3: 求和项:业务数量
A4: A1.4216 | B4: 12000 | D4: =SUMIF(开票!B:B,A:A,开票!D:D) -> 12000
A5: A1.4317 | B5: 6000 | D5: =SUMIF(开票!B:B,A:A,开票!D:D) -> 6000
A6: A1.4338 | B6: 700 | D6: =SUMIF(开票!B:B,A:A,开票!D:D) -> 700
A7: A1.4377 | B7: 1600 | D7: =SUMIF(开票!B:B,A:A,开票!D:D) -> 1600
A8: A1.5226 | B8: 1000 | D8: =SUMIF(开票!B:B,A:A,开票!D:D) -> 1000
A9: A1.5357 | B9: 1000 | D9: =SUMIF(开票!B:B,A:A,开票!D:D) -> 1000
A10: A1.5358 | B10: 200 | D10: =SUMIF(开票!B:B,A:A,开票!D:D) -> 200
A11: A1.5380 | B11: 1000 | D11: =SUMIF(开票!B:B,A:A,开票!D:D) -> 1000
A12: A1.5413 | B12: 110 | D12: =SUMIF(开票!B:B,A:A,开票!D:D) -> 110
A13: A1.6618 | B13: 2000 | D13: =SUMIF(开票!B:B,A:A,开票!D:D) -> 2000
A14: A1.6621 | B14: 1825 | D14: =SUMIF(开票!B:B,A:A,开票!D:D) -> 1825
A15: F1.0271 | B15: 14200 | D15: =SUMIF(开票!B:B,A:A,开票!D:D) -> 14200
... A35: F9.0495 | B35: 80 | D35: =SUMIF(开票!B:B,A:A,开票!D:D) -> 80
A36: 总计 | B36: 196200

Sheet Sheet1
A1: 单据号 | B1: 单据类型 | C1: 仓库编码 | D1: 仓库名 | E1: 供应商 | F1: 客户 | G1: 结算客户 | H1: 品号类型 | I1: 品号 | J1: 品名 | K1: 图号 | L1: 二级类别 | M1: 装箱数 | N1: 箱数 | O1: 业务数量 | P1: 托码 | Q1: 库位编号 | R1: 批号 | S1: 批号描述 | T1: 生产日期 | U1: 流转卡号 | V1: 单据备注 | W1: 备注 | X1: 部门 | Y1: 操作人 | Z1: 操作时间 | AA1: 方向 | AB1: 出入库时间 | AC1: 规格 | AD1: 单位
A2: 1309-202605290002 | B2: 材料销货出库单 | C2: 02 | D2: 原材料扫码仓 | F2: W10 | G2: W10 | H2: 采购件 | I2: 3100635 | J2: PA6-GF10-M20 | K2: A1.4377 | L2: 塑料粒子 | M2: 1600 | N2: 1 | O2: 1600 | P2: T02*604681 | Q2: 001-1-1 | R2: 2026052948 | S2: 0126607601 | T2: 2026/05/29 | V2: 4747155 | X2: 控股及其他属地 | Y2: 丰金册 | Z2: 2026/05/29 | AA2: 出库 | AB2: 2026/05/29 20:30:54 | AD2: KG
A3: 1309-202605290002 | B3: 材料销货出库单 | C3: 02 | D3: 原材料扫码仓 | F3: W10 | G3: W10 | H3: 采购件 | I3: 15003103143 | J3: PP LGF40 P707LG BK黑色 | K3: A1.6621 | L3: 塑料粒子 | M3: 825 | N3: 1 | O3: 825 | P3: T02*564513 | Q3: D08-3-1 | R3: 2026032415 | S3: 260313XB | T3: 2026/05/02 | V3: 4747155 | X3: 控股及其他属地 | Y3: 左文明 | Z3: 2026/05/29 | AA3: 出库 | AB3: 2026/05/29 18:29:51 | AC3: 增税 | AD3: KG
A4: 1309-202605290002 | B4: 材料销货出库单 | C4: 02 | D4: 原材料扫码仓 | F4: W10 | G4: W10 | H4: 采购件 | I4: 15003103143 | J4: PP LGF40 P707LG BK黑色 | K4: A1.6621 | L4: 塑料粒子 | M4: 25 | N4: 40 | O4: 1000 | P4: T02*543554 | Q4: A15-3-2 | R4: 2026033128 | S4: 260324XB | T4: 2026/03/31 | V4: 4747155 | X4: 控股及其他属地 | Y4: 左文明 | Z4: 2026/05/29 | AA4: 出库 | AB4: 2026/05/29 18:26:12 | AC4: 增税 | AD4: KG
A5: 1309-202605290002 | B5: 材料销货出库单 | C5: 02 | D5: 原材料扫码仓 | F5: W10 | G5: W10 | H5: 采购件 | I5: 3101142 | J5: PP TD17 BMV214W10609M | K5: A1.5380 | L5: 塑料粒子 | M5: 25 | N5: 40 | O5: 1000 | P5: T02*558794 | Q5: B06-4-2 | R5: 2026041101 | S5: M260411521 | T5: 2026/04/11 | V5: 4747155 | X5: 控股及其他属地 | Y5: 左文明 | Z5: 2026/05/29 | AA5: 出库 | AB5: 2026/05/29 18:24:47 | AC5: 增税 | AD5: KG
A6: 1290-202605290006 | B6: MES总务领料单 | C6: 05 | D6: 总务仓库 | F6: W10 | G6: W10 | H6: 采购件 | I6: 5100094 | J6: 成形生产管理表 | K6: F9.0462 | L6: 生产性辅助材料 | M6: 110 | N6: 0 | O6: 5 | P6: T02**10034 | Q6: 001-1-8 | R6: 20241018 | S6: 20241016 | T6: 2024/10/16 | V6: 4746983 | X6: 控股及其他属地 | Y6: 高佳丹 | Z6: 2026/05/29 | AA6: 出库 | AB6: 2026/05/29 10:57:13 | AC6: 增税 | AD6: 本
A7: 1309-202605250002 | B7: 材料销货出库单 | C7: 105 | D7: 辅件扫码仓 | F7: W10 | G7: W10 | H7: 采购件 | I7: 3600742 | J7: 卡扣W717086-S439(539B4002AA0) | K7: F1.1538 | L7: 辅件 | M7: 5000 | N7: 1 | O7: 3000 | P7: T02**61521 | Q7: B04-1-1 | R7: 2023100838 | S7: 20231119 | T7: 2023/10/08 | V7: 4747152 | X7: 控股及其他属地 | Y7: 张国艳 | Z7: 2026/05/25 | AA7: 出库 | AB7: 2026/05/25 19:11:18 | AC7: 增税 | AD7: PCS
A8: 1309-202605250002 | B8: 材料销货出库单 | C8: 105 | D8: 辅件扫码仓 | F8: W10 | G8: W10 | H8: 采购件 | I8: 15003662599 | J8: 泡棉T15*29.5*32.9mm(70644001AA0) | K8: F1.2862 | L8: 辅件 | M8: 2000 | N8: 1 | O8: 2000 | P8: T02**61285 | Q8: A02-2-4 | R8: 2026051939 | S8: 20260514 | T8: 2026/05/19 | V8: 4747152 | X8: 控股及其他属地 | Y8: 张国艳 | Z8: 2026/05/25 | AA8: 出库 | AB8: 2026/05/25 18:00:12 | AC8: 增税 | AD8: PCS
A9: 1309-202605250002 | B9: 材料销货出库单 | C9: 105 | D9: 辅件扫码仓 | F9: W10 | G9: W10 | H9: 采购件 | I9: 15003662599 | J9: 泡棉T15*29.5*32.9mm(70644001AA0) | K9: F1.2862 | L9: 辅件 | M9: 2000 | N9: 1 | O9: 2000 | P9: T02**61275 | Q9: B02-1-1 | R9: 2026043064 | S9: 20260429 | T9: 2026/04/30 | V9: 4747152 | X9: 控股及其他属地 | Y9: 张国艳 | Z9: 2026/05/25 | AA9: 出库 | AB9: 2026/05/25 18:00:05 | AC9: 增税 | AD9: PCS
A10: 1309-202605250002 | B10: 材料销货出库单 | C10: 105 | D10: 辅件扫码仓 | F10: W10 | G10: W10 | H10: 采购件 | I10: 15003662601 | J10: 泡棉T3*5*50mm(70644003AA0) | K10: F1.2864 | L10: 辅件 | M10: 2000 | N10: 1 | O10: 2000 | P10: T02**61280 | Q10: B12-1-2 | R10: 2026051937 | S10: 20260518 | T10: 2026/05/19 | V10: 4747152 | X10: 控股及其他属地 | Y10: 张国艳 | Z10: 2026/05/25 | AA10: 出库 | AB10: 2026/05/25 17:59:51 | AC10: 增税 | AD10: PCS
A11: 1309-202605250002 | B11: 材料销货出库单 | C11: 105 | D11: 辅件扫码仓 | F11: W10 | G11: W10 | H11: 采购件 | I11: 15003662601 | J11: 泡棉T3*5*50mm(70644003AA0) | K11: F1.2864 | L11: 辅件 | M11: 2000 | N11: 1 | O11: 2000 | P11: T02**61280 | Q11: B12-1-2 | R11: 2026043065 | S11: 20260429 | T11: 2026/04/30 | V11: 4747152 | X11: 控股及其他属地 | Y11: 张国艳 | Z11: 2026/05/25 | AA11: 出库 | AB11: 2026/05/25 17:59:45 | AC11: 增税 | AD11: PCS
A12: 1309-202605250002 | B12: 材料销货出库单 | C12: 105 | D12: 辅件扫码仓 | F12: W10 | G12: W10 | H12: 采购件 | I12: 15003662600 | J12: 泡棉T5*13*85mm(70644002AA0) | K12: F1.2863 | L12: 辅件 | M12: 2000 | N12: 1 | O12: 2000 | P12: T02**61280 | Q12: B12-1-2 | R12: 2026051938 | S12: 20260518 | T12: 2026/05/19 | V12: 4747152 | X12: 控股及其他属地 | Y12: 张国艳 | Z12: 2026/05/25 | AA12: 出库 | AB12: 2026/05/25 17:59:24 | AC12: 增税 | AD12: PCS
A13: 1309-202605250002 | B13: 材料销货出库单 | C13: 105 | D13: 辅件扫码仓 | F13: W10 | G13: W10 | H13: 采购件 | I13: 15003662600 | J13: 泡棉T5*13*85mm(70644002AA0) | K13: F1.2863 | L13: 辅件 | M13: 2000 | N13: 1 | O13: 2000 | P13: T02**61287 | Q13: B02-2-2 | R13: 2026043062 | S13: 20260429 | T13: 2026/04/30 | V13: 4747152 | X13: 控股及其他属地 | Y13: 张国艳 | Z13: 2026/05/25 | AA13: 出库 | AB13: 2026/05/25 17:59:17 | AC13: 增税 | AD13: PCS
A14: 1309-202605250002 | B14: 材料销货出库单 | C14: 105 | D14: 辅件扫码仓 | F14: W10 | G14: W10 | H14: 采购件 | I14: 3600742 | J14: 卡扣W717086-S439(539B4002AA0) | K14: F1.1538 | L14: 辅件 | M14: 5000 | N14: 1 | O14: 5000 | P14: T02**61509 | Q14: A02-1-2 | R14: 2026050853 | S14: 20260429 | T14: 2026/05/08 | V14: 4747152 | X14: 控股及其他属地 | Y14: 张国艳 | Z14: 2026/05/25 | AA14: 出库 | AB14: 2026/05/25 17:58:54 | AC14: 增税 | AD14: PCS
... A17: 1309-202605250002 | B17: 材料销货出库单 | C17: 105 | D17: 辅件扫码仓 | F17: W10 | G17: W10 | H17: 采购件 | I17: 3600742 | J17: 卡扣W717086-S439(539B4002AA0) | K17: F1.1538 | L17: 辅件 | M17: 10000 | N17: 1 | O17: 10000 | P17: T02**61274 | Q17: A01-1-4 | R17: 2026042702 | S17: 20260226 | T17: 2026/04/27 | V17: 4747152 | X17: 控股及其他属地 | Y17: 张国艳 | Z17: 2026/05/25 | AA17: 出库 | AB17: 2026/05/25 17:58:17 | AC17: 增税 | AD17: PCS
A18: 1309-202605190004 | B18: 材料销货出库单 | C18: 02 | D18: 原材料扫码仓 | F18: W10 | G18: W10 | H18: 采购件 | I18: 3100262 | J18: APO-308（PP-GF20%+MF10) BLACK | K18: A1.4216 | L18: 塑料粒子 | M18: 3000 | N18: 1 | O18: 3000 | P18: T02*596264 | Q18: 001-1-1 | R18: 2026051912 | S18: 31402142 | T18: 2026/05/19 | V18: 4746143 | X18: 控股及其他属地 | Y18: 左文明 | Z18: 2026/05/19 | AA18: 出库 | AB18: 2026/05/19 18:16:00 | AD18: KG
A19: 1309-202605190004 | B19: 材料销货出库单 | C19: 02 | D19: 原材料扫码仓 | F19: W10 | G19: W10 | H19: 采购件 | I19: 3100247 | J19: PA6 MG30 HSBK006 | K19: A1.4317 | L19: 塑料粒子 | M19: 3000 | N19: 1 | O19: 3000 | P19: T02*596264 | Q19: 001-1-1 | R19: 2026051907 | S19: 51756411 | T19: 2026/05/19 | V19: 4746143 | X19: 控股及其他属地 | Y19: 左文明 | Z19: 2026/05/19 | AA19: 出库 | AB19: 2026/05/19 18:15:55 | AD19: KG
A20: 1309-202605180003 | B20: 材料销货出库单 | C20: 105 | D20: 辅件扫码仓 | F20: W10 | G20: W10 | H20: 采购件 | I20: 15003602043 | J20: Y0801426-INSERT METAL | K20: F1.2377 | L20: 生产性辅助材料 | M20: 3000 | N20: 1 | O20: 3000 | P20: T02**14728 | Q20: B11-1-3 | R20: 2026051642 | S20: 20260428 | T20: 2026/05/16 | V20: 4746142 | X20: 控股及其他属地 | Y20: 张国艳 | Z20: 2026/05/18 | AA20: 出库 | AB20: 2026/05/18 12:56:46 | AC20: 增税 | AD20: PCS
A21: 1309-202605180003 | B21: 材料销货出库单 | C21: 105 | D21: 辅件扫码仓 | F21: W10 | G21: W10 | H21: 采购件 | I21: 3600165 | J21: 卡扣W714972-S300 | K21: F1.2115 | L21: 辅件 | M21: 24000 | N21: 1 | O21: 24000 | P21: T02**61274 | Q21: A01-2-2 | R21: 2026040356 | S21: 202601009-3 | T21: 2026/04/03 | V21: 4746142 | X21: 控股及其他属地 | Y21: 张国艳 | Z21: 2026/05/18 | AA21: 出库 | AB21: 2026/05/18 12:55:54 | AD21: PCS
A22: 1309-202605180003 | B22: 材料销货出库单 | C22: 105 | D22: 辅件扫码仓 | F22: W10 | G22: W10 | H22: 采购件 | I22: 3600725 | J22: 毛毡 50*10*0.5 | K22: F1.1592 | L22: 辅件 | M22: 4000 | N22: 1 | O22: 4000 | P22: T02**61525 | Q22: B04-2-1 | R22: 2026043043 | S22: 20260429 | T22: 2026/04/30 | V22: 4746142 | X22: 控股及其他属地 | Y22: 张国艳 | Z22: 2026/05/18 | AA22: 出库 | AB22: 2026/05/18 12:55:21 | AC22: 增税 | AD22: PCS
A23: 1309-202605180003 | B23: 材料销货出库单 | C23: 105 | D23: 辅件扫码仓 | F23: W10 | G23: W10 | H23: 采购件 | I23: 3600688 | J23: Flocked Tape 毛毡 30*17*1 | K23: F1.0858 | L23: 辅件 | M23: 1000 | N23: 1 | O23: 1000 | P23: T02**61525 | Q23: B04-2-1 | R23: 2025112927 | S23: 20051128 | T23: 2025/11/29 | V23: 4746142 | X23: 控股及其他属地 | Y23: 张国艳 | Z23: 2026/05/18 | AA23: 出库 | AB23: 2026/05/18 12:54:12 | AC23: 增税 | AD23: PCS
A24: 1309-202605150006 | B24: 材料销货出库单 | C24: 02 | D24: 原材料扫码仓 | F24: W10 | G24: W10 | H24: 采购件 | I24: 3100262 | J24: APO-308（PP-GF20%+MF10) BLACK | K24: A1.4216 | L24: 塑料粒子 | M24: 2700 | N24: 1 | O24: 2700 | P24: T02*467536 | Q24: 001-1-1 | R24: 2026051507 | S24: 31402142 | T24: 2026/05/15 | V24: 4746141 | X24: 控股及其他属地 | Y24: 左文明 | Z24: 2026/05/15 | AA24: 出库 | AB24: 2026/05/15 17:43:13 | AD24: KG
A25: 1309-202605150006 | B25: 材料销货出库单 | C25: 02 | D25: 原材料扫码仓 | F25: W10 | G25: W10 | H25: 采购件 | I25: 3100262 | J25: APO-308（PP-GF20%+MF10) BLACK | K25: A1.4216 | L25: 塑料粒子 | M25: 300 | N25: 1 | O25: 300 | P25: T02*467536 | Q25: 001-1-1 | R25: 2026051508 | S25: 31401466 | T25: 2026/05/15 | V25: 4746141 | X25: 控股及其他属地 | Y25: 左文明 | Z25: 2026/05/15 | AA25: 出库 | AB25: 2026/05/15 17:42:40 | AD25: KG
A26: 1309-202605120008 | B26: 材料销货出库单 | C26: 105 | D26: 辅件扫码仓 | F26: W10 | G26: W10 | H26: 采购件 | I26: 3600444 | J26: COVER PET覆膜 | K26: F1.0271 | L26: 辅件 | M26: 14200 | N26: 1 | O26: 14200 | P26: T02**29245 | Q26: D05-2-3 | R26: 2026051001 | S26: 20260509 | T26: 2026/05/10 | V26: 4746139 | X26: 控股及其他属地 | Y26: 张国艳 | Z26: 2026/05/12 | AA26: 出库 | AB26: 2026/05/12 19:56:29 | AD26: PCS
A27: 1309-202605110006 | B27: 材料销货出库单 | C27: 02 | D27: 原材料扫码仓 | F27: W10 | G27: W10 | H27: 采购件 | I27: 15003103140 | J27: PP TD20 BK黑色 | K27: A1.6618 | L27: 塑料粒子 | M27: 1000 | N27: 1 | O27: 875 | P27: T02*574292 | Q27: 001-1-1 | R27: 2026042626 | S27: 2603060001 | T27: 2026/04/26 | V27: 4746138 | X27: 控股及其他属地 | Y27: 丰金册 | Z27: 2026/05/11 | AA27: 出库 | AB27: 2026/05/11 13:12:20 | AC27: 增税 | AD27: KG
A28: 1309-202605110006 | B28: 材料销货出库单 | C28: 02 | D28: 原材料扫码仓 | F28: W10 | G28: W10 | H28: 采购件 | I28: 15003103140 | J28: PP TD20 BK黑色 | K28: A1.6618 | L28: 塑料粒子 | M28: 1000 | N28: 0 | O28: 125 | P28: T02*558378 | Q28: 001-1-1 | R28: 2026040951 | S28: 2603060001 | T28: 2026/04/09 | V28: 4746138 | X28: 控股及其他属地 | Y28: 丰金册 | Z28: 2026/05/11 | AA28: 出库 | AB28: 2026/05/11 13:11:36 | AC28: 增税 | AD28: KG
A29: 1309-202605110006 | B29: 材料销货出库单 | C29: 02 | D29: 原材料扫码仓 | F29: W10 | G29: W10 | H29: 采购件 | I29: 3101137 | J29: PP T20 A5132T-729-A3 EA9 CB1690黑 | K29: A1.5357 | L29: 塑料粒子 | M29: 1000 | N29: 1 | O29: 1000 | P29: T02*566393 | Q29: B18-3-2 | R29: 2026042234 | S29: 260401 | T29: 2026/04/22 | V29: 4746138 | X29: 控股及其他属地 | Y29: 丰金册 | Z29: 2026/05/11 | AA29: 出库 | AB29: 2026/05/11 12:59:43 | AC29: 增税 | AD29: KG
A30: 1309-202605110006 | B30: 材料销货出库单 | C30: 02 | D30: 原材料扫码仓 | F30: W10 | G30: W10 | H30: 采购件 | I30: 15003103140 | J30: PP TD20 BK黑色 | K30: A1.6618 | L30: 塑料粒子 | M30: 1000 | N30: 1 | O30: 1000 | P30: T02*558378 | Q30: 001-1-1 | R30: 2026040951 | S30: 2603060001 | T30: 2026/04/09 | V30: 4746138 | X30: 控股及其他属地 | Y30: 丰金册 | Z30: 2026/05/11 | AA30: 出库 | AB30: 2026/05/11 12:55:30 | AC30: 增税 | AD30: KG
A31: 1309-202605110006 | B31: 材料销货出库单 | C31: 02 | D31: 原材料扫码仓 | F31: W10 | G31: W10 | H31: 采购件 | I31: 3101145 | J31: PP C3322T B18(UV) JA6 | K31: A1.5226 | L31: 塑料粒子 | M31: 25 | N31: 40 | O31: 1000 | P31: T02*561530 | Q31: D11-1-2 | R31: 2026041331 | S31: 260401 | T31: 2026/04/13 | V31: 4746138 | X31: 控股及其他属地 | Y31: 丰金册 | Z31: 2026/05/11 | AA31: 出库 | AB31: 2026/05/11 12:55:09 | AC31: 增税 | AD31: KG
A32: 1309-202605080001 | B32: 材料销货出库单 | C32: 02 | D32: 原材料扫码仓 | F32: W10 | G32: W10 | H32: 采购件 | I32: 3100262 | J32: APO-308（PP-GF20%+MF10) BLACK | K32: A1.4216 | L32: 塑料粒子 | M32: 1825 | N32: 1 | O32: 1825 | P32: T02*583947 | Q32: 001-1-1 | R32: 2026050727 | S32: 31397241 | T32: 2026/05/07 | V32: 4746137 | X32: 控股及其他属地 | Y32: 丰金册 | Z32: 2026/05/09 | AA32: 出库 | AB32: 2026/05/09 15:35:11 | AD32: KG
A33: 1309-202605080001 | B33: 材料销货出库单 | C33: 02 | D33: 原材料扫码仓 | F33: W10 | G33: W10 | H33: 采购件 | I33: 3100262 | J33: APO-308（PP-GF20%+MF10) BLACK | K33: A1.4216 | L33: 塑料粒子 | M33: 4175 | N33: 1 | O33: 4175 | P33: T02*583947 | Q33: 001-1-1 | R33: 2026050726 | S33: 31401466 | T33: 2026/05/07 | V33: 4746137 | X33: 控股及其他属地 | Y33: 丰金册 | Z33: 2026/05/09 | AA33: 出库 | AB33: 2026/05/09 15:34:59 | AD33: KG
A34: 1309-202605080001 | B34: 材料销货出库单 | C34: 02 | D34: 原材料扫码仓 | F34: W10 | G34: W10 | H34: 采购件 | I34: 3100247 | J34: PA6 MG30 HSBK006 | K34: A1.4317 | L34: 塑料粒子 | M34: 3000 | N34: 1 | O34: 3000 | P34: T02*584035 | Q34: 001-1-1 | R34: 2026050829 | S34: 51756411 | T34: 2026/05/09 | V34: 4746137 | X34: 控股及其他属地 | Y34: 丰金册 | Z34: 2026/05/09 | AA34: 出库 | AB34: 2026/05/09 15:34:44 | AD34: KG
A35: 1309-202605080001 | B35: 材料销货出库单 | C35: 02 | D35: 原材料扫码仓 | F35: W10 | G35: W10 | H35: 采购件 | I35: 3101115 | J35: PA66 C200 BK121 | K35: A1.4338 | L35: 塑料粒子 | M35: 25 | N35: 28 | O35: 700 | P35: T02*583441 | Q35: C05-3-2 | R35: 2026050738 | S35: 51724339 | T35: 2026/05/07 | V35: 4746137 | X35: 控股及其他属地 | Y35: 丰金册 | Z35: 2026/05/09 | AA35: 出库 | AB35: 2026/05/09 15:34:34 | AC35: 增税 | AD35: KG
A36: 1309-202605080001 | B36: 材料销货出库单 | C36: 02 | D36: 原材料扫码仓 | F36: W10 | G36: W10 | H36: 采购件 | I36: 3101138 | J36: PP T20 A5132T-729-A3 JM8 SH4865灰 | K36: A1.5358 | L36: 塑料粒子 | M36: 25 | N36: 8 | O36: 200 | P36: T02*506156 | Q36: A15-2-1 | R36: 2025120841 | S36: 01618-556034 | T36: 2025/12/08 | V36: 4746137 | X36: 控股及其他属地 | Y36: 丰金册 | Z36: 2026/05/09 | AA36: 出库 | AB36: 2026/05/09 15:34:24 | AC36: 增税 | AD36: KG
A37: 1309-202605060008 | B37: 材料销货出库单 | C37: 02 | D37: 原材料扫码仓 | F37: W10 | G37: W10 | H37: 采购件 | I37: 3101082 | J37: PP T20 P20T20A10-LE-CS(EF1E)碳黑 | K37: A1.5413 | L37: 塑料粒子 | M37: 110 | N37: 1 | O37: 110 | P37: T02*467536 | Q37: 001-1-1 | R37: 2026041201 | S37: 26040801 | T37: 2026/04/30 | V37: 4746966 | X37: 控股及其他属地 | Y37: 丰金册 | Z37: 2026/05/07 | AA37: 出库 | AB37: 2026/05/07 14:49:21 | AC37: 增税 | AD37: KG
A38: 1290-202605060016 | B38: MES总务领料单 | C38: 05 | D38: 总务仓库 | F38: W10 | G38: W10 | H38: 采购件 | I38: 15005302785 | J38: 麦格纳明细书 | K38: F9.0495 | L38: 生产性辅助材料 | M38: 80 | N38: 1 | O38: 80 | P38: T02**10034 | Q38: 001-1-7 | R38: 20260331 | S38: 20260328 | T38: 2026/03/28 | V38: 4746974 | X38: 控股及其他属地 | Y38: 高佳丹 | Z38: 2026/05/07 | AA38: 出库 | AB38: 2026/05/07 10:09:21 | AC38: 增税 | AD38: 本
A39: 1309-202605060007 | B39: 材料销货出库单 | C39: 105 | D39: 辅件扫码仓 | F39: W10 | G39: W10 | H39: 采购件 | I39: 3601932 | J39: 麦拉片 27*19*0.2 | K39: F1.2287 | L39: 辅件 | M39: 4000 | N39: 1 | O39: 4000 | P39: T02**61525 | Q39: B04-2-1 | R39: 2026043048 | S39: 20260429 | T39: 2026/04/30 | V39: 4746965 | X39: 控股及其他属地 | Y39: 张国艳 | Z39: 2026/05/06 | AA39: 出库 | AB39: 2026/05/06 19:33:21 | AC39: 增税 | AD39: PCS
A40: 1309-202605060007 | B40: 材料销货出库单 | C40: 105 | D40: 辅件扫码仓 | F40: W10 | G40: W10 | H40: 采购件 | I40: 3600723 | J40: 左侧吸音棉 156*137*15 | K40: F1.2108 | L40: 辅件 | M40: 2000 | N40: 1 | O40: 2000 | P40: T02**29245 | Q40: D05-2-3 | R40: 2026043042 | S40: 20260429 | T40: 2026/04/30 | V40: 4746965 | X40: 控股及其他属地 | Y40: 张国艳 | Z40: 2026/05/06 | AA40: 出库 | AB40: 2026/05/06 19:31:43 | AC40: 增税 | AD40: PCS
A41: 1309-202605060006 | B41: 材料销货出库单 | C41: 105 | D41: 辅件扫码仓 | F41: W10 | G41: W10 | H41: 采购件 | I41: 3600554 | J41: E13865200 | K41: F1.0412 | L41: 辅件 | M41: 9000 | N41: 1 | O41: 9000 | P41: T02**29245 | Q41: D05-2-3 | R41: 2026050329 | S41: CF07BNAHH | T41: 2026/05/03 | V41: 4746964 | X41: 控股及其他属地 | Y41: 张国艳 | Z41: 2026/05/06 | AA41: 出库 | AB41: 2026/05/06 19:30:33 | AD41: PCS
A42: 1309-202605060006 | B42: 材料销货出库单 | C42: 105 | D42: 辅件扫码仓 | F42: W10 | G42: W10 | H42: 采购件 | I42: 3600553 | J42: E13864600 | K42: F1.0411 | L42: 辅件 | M42: 18000 | N42: 1 | O42: 18000 | P42: T02**29245 | Q42: D05-2-3 | R42: 2026050328 | S42: CF0NSYAH | T42: 2026/05/03 | V42: 4746964 | X42: 控股及其他属地 | Y42: 张国艳 | Z42: 2026/05/06 | AA42: 出库 | AB42: 2026/05/06 19:30:26 | AD42: PCS
A43: 1309-202605060006 | B43: 材料销货出库单 | C43: 105 | D43: 辅件扫码仓 | F43: W10 | G43: W10 | H43: 采购件 | I43: 3600570 | J43: E14382900（E10629100） | K43: F1.0413 | L43: 辅件 | M43: 6000 | N43: 1 | O43: 6000 | P43: T02**29245 | Q43: D05-2-3 | R43: 2026042917 | S43: 20260327 | T43: 2026/04/29 | V43: 4746964 | X43: 控股及其他属地 | Y43: 张国艳 | Z43: 2026/05/06 | AA43: 出库 | AB43: 2026/05/06 19:22:59 | AC43: 增税 | AD43: PCS
A44: 1309-202605060006 | B44: 材料销货出库单 | C44: 105 | D44: 辅件扫码仓 | F44: W10 | G44: W10 | H44: 采购件 | I44: 3600571 | J44: E14383700（E11006400） | K44: F1.0418 | L44: 辅件 | M44: 10400 | N44: 1 | O44: 10400 | P44: T02**29245 | Q44: D05-2-3 | R44: 2026042918 | S44: 20260325 | T44: 2026/04/29 | V44: 4746964 | X44: 控股及其他属地 | Y44: 张国艳 | Z44: 2026/05/06 | AA44: 出库 | AB44: 2026/05/06 19:22:51 | AC44: 增税 | AD44: PCS
A45: 1309-202605060006 | B45: 材料销货出库单 | C45: 105 | D45: 辅件扫码仓 | F45: W10 | G45: W10 | H45: 采购件 | I45: 3600567 | J45: E14383600（E10881800） | K45: F1.0417 | L45: 辅件 | M45: 5000 | N45: 1 | O45: 5000 | P45: T02**29245 | Q45: D05-2-3 | R45: 2026042916 | S45: 20260410 | T45: 2026/04/29 | V45: 4746964 | X45: 控股及其他属地 | Y45: 张国艳 | Z45: 2026/05/06 | AA45: 出库 | AB45: 2026/05/06 19:22:18 | AC45: 增税 | AD45: PCS
A46: 1309-202605060006 | B46: 材料销货出库单 | C46: 105 | D46: 辅件扫码仓 | F46: W10 | G46: W10 | H46: 采购件 | I46: 3600431 | J46: 嵌件E10904200 /E14383100 | K46: F1.1664 | L46: 辅件 | M46: 10080 | N46: 1 | O46: 10080 | P46: T02**29245 | Q46: D05-2-3 | R46: 2026042922 | S46: 20260408 | T46: 2026/04/29 | V46: 4746964 | X46: 控股及其他属地 | Y46: 张国艳 | Z46: 2026/05/06 | AA46: 出库 | AB46: 2026/05/06 19:22:11 | AD46: PCS
A47: 1309-202605060007 | B47: 材料销货出库单 | C47: 105 | D47: 辅件扫码仓 | F47: W10 | G47: W10 | H47: 采购件 | I47: 3600756 | J47: 卡子 W716437-S300 | K47: F1.1537 | L47: 辅件 | M47: 10000 | N47: 1 | O47: 10000 | P47: T02**61509 | Q47: A02-1-2 | R47: 2026040425 | S47: 20260227 | T47: 2026/04/04 | V47: 4746965 | X47: 控股及其他属地 | Y47: 张国艳 | Z47: 2026/05/06 | AA47: 出库 | AB47: 2026/05/06 19:21:40 | AC47: 增税 | AD47: PCS
A48: 1309-202605060007 | B48: 材料销货出库单 | C48: 105 | D48: 辅件扫码仓 | F48: W10 | G48: W10 | H48: 采购件 | I48: 3600569 | J48: E14383000（E6679200） | K48: F1.0414 | L48: 辅件 | M48: 6000 | N48: 1 | O48: 6000 | P48: T02**29245 | Q48: D05-2-3 | R48: 2026042919 | S48: 20260326 | T48: 2026/04/29 | V48: 4746965 | X48: 控股及其他属地 | Y48: 张国艳 | Z48: 2026/05/06 | AA48: 出库 | AB48: 2026/05/06 19:21:21 | AC48: 增税 | AD48: PCS

Sheet 2023年10月材料用              
A1: 2023年9月份深远材料辅件领用清单
A2: 材料代码 | B2: 日期 数量 名称 | C2: 45205 | D2: 45208 | E2: 45209 | F2: 45211 | G2: 45212 | H2: 45215 | I2: 45216 | J2: 45218 | K2: 45222 | L2: 45223 | M2: 45225 | N2: 45229 | BN2: 深远 | BO2: 杭友
A3: A1.1811 | B3: PP-CGF+TD235 | BN3: =BM3+BL3+BK3+BJ3+BI3+BH3+BG3+BF3+BE3+BD3+BC3+BB3+BA3+AZ3+AY3+AX3+AW3+AV3+AU3+AT3+AS3+AR3+AQ3+AP3+AO3+AN3+AM3+AL3+AK3+AJ3+AI3+AH3+AG3+AF3+AE3+AD3+AC3+AB3+AA3+Z3+Y3+X3+W3+V3+U3+T3+S3+R3+Q3+P3+O3+N3+M3+L3+K3+J3+I3+H3+G3+F3+E3+D3+C3 -> 0
A4: A1.1812 | B4: PA6 BKV60HZ.0WSS | BN4: =BM4+BL4+BK4+BJ4+BI4+BH4+BG4+BF4+BE4+BD4+BC4+BB4+BA4+AZ4+AY4+AX4+AW4+AV4+AU4+AT4+AS4+AR4+AQ4+AP4+AO4+AN4+AM4+AL4+AK4+AJ4+AI4+AH4+AG4+AF4+AE4+AD4+AC4+AB4+AA4+Z4+Y4+X4+W4+V4+U4+T4+S4+R4+Q4+P4+O4+N4+M4+L4+K4+J4+I4+H4+G4+F4+E4+D4+C4 -> 0
A5: A1.1131 | B5: PA66-FG30A104GH | BN5: =BM5+BL5+BK5+BJ5+BI5+BH5+BG5+BF5+BE5+BD5+BC5+BB5+BA5+AZ5+AY5+AX5+AW5+AV5+AU5+AT5+AS5+AR5+AQ5+AP5+AO5+AN5+AM5+AL5+AK5+AJ5+AI5+AH5+AG5+AF5+AE5+AD5+AC5+AB5+AA5+Z5+Y5+X5+W5+V5+U5+T5+S5+R5+Q5+P5+O5+N5+M5+L5+K5+J5+I5+H5+G5+F5+E5+D5+C5 -> 0
A6: A5.4332 | B6: PA66 101LNC010 | BN6: =BM6+BL6+BK6+BJ6+BI6+BH6+BG6+BF6+BE6+BD6+BC6+BB6+BA6+AZ6+AY6+AX6+AW6+AV6+AU6+AT6+AS6+AR6+AQ6+AP6+AO6+AN6+AM6+AL6+AK6+AJ6+AI6+AH6+AG6+AF6+AE6+AD6+AC6+AB6+AA6+Z6+Y6+X6+W6+V6+U6+T6+S6+R6+Q6+P6+O6+N6+M6+L6+K6+J6+I6+H6+G6+F6+E6+D6+C6 -> 0
A7: A1.4335 | B7: PA66 A3K NC | BN7: =BM7+BL7+BK7+BJ7+BI7+BH7+BG7+BF7+BE7+BD7+BC7+BB7+BA7+AZ7+AY7+AX7+AW7+AV7+AU7+AT7+AS7+AR7+AQ7+AP7+AO7+AN7+AM7+AL7+AK7+AJ7+AI7+AH7+AG7+AF7+AE7+AD7+AC7+AB7+AA7+Z7+Y7+X7+W7+V7+U7+T7+S7+R7+Q7+P7+O7+N7+M7+L7+K7+J7+I7+H7+G7+F7+E7+D7+C7 -> 0
A8: A1.4338 | B8: PA66 C200 BK121 | L8: 1000 | BN8: =BM8+BL8+BK8+BJ8+BI8+BH8+BG8+BF8+BE8+BD8+BC8+BB8+BA8+AZ8+AY8+AX8+AW8+AV8+AU8+AT8+AS8+AR8+AQ8+AP8+AO8+AN8+AM8+AL8+AK8+AJ8+AI8+AH8+AG8+AF8+AE8+AD8+AC8+AB8+AA8+Z8+Y8+X8+W8+V8+U8+T8+S8+R8+Q8+P8+O8+N8+M8+L8+K8+J8+I8+H8+G8+F8+E8+D8+C8 -> 1000
A9: A1.4354 | B9: PA66GF30AKROM117 | BN9: =BM9+BL9+BK9+BJ9+BI9+BH9+BG9+BF9+BE9+BD9+BC9+BB9+BA9+AZ9+AY9+AX9+AW9+AV9+AU9+AT9+AS9+AR9+AQ9+AP9+AO9+AN9+AM9+AL9+AK9+AJ9+AI9+AH9+AG9+AF9+AE9+AD9+AC9+AB9+AA9+Z9+Y9+X9+W9+V9+U9+T9+S9+R9+Q9+P9+O9+N9+M9+L9+K9+J9+I9+H9+G9+F9+E9+D9+C9 -> 0
A10: A1.4377 | B10: PA6 ALCOM GF10 | F10: 800 | G10: 1600 | H10: 800 | BN10: =BM10+BL10+BK10+BJ10+BI10+BH10+BG10+BF10+BE10+BD10+BC10+BB10+BA10+AZ10+AY10+AX10+AW10+AV10+AU10+AT10+AS10+AR10+AQ10+AP10+AO10+AN10+AM10+AL10+AK10+AJ10+AI10+AH10+AG10+AF10+AE10+AD10+AC10+AB10+AA10+Z10+Y10+X10+W10+V10+U10+T10+S10+R10+Q10+P10+O10+N10+M10+L10+K10+J10+I10+H10+G10+F10+E10+D10+C10 -> 3200
A11: A1.4404 | B11: PBTGFH | BN11: =BM11+BL11+BK11+BJ11+BI11+BH11+BG11+BF11+BE11+BD11+BC11+BB11+BA11+AZ11+AY11+AX11+AW11+AV11+AU11+AT11+AS11+AR11+AQ11+AP11+AO11+AN11+AM11+AL11+AK11+AJ11+AI11+AH11+AG11+AF11+AE11+AD11+AC11+AB11+AA11+Z11+Y11+X11+W11+V11+U11+T11+S11+R11+Q11+P11+O11+N11+M11+L11+K11+J11+I11+H11+G11+F11+E11+D11+C11 -> 0
A12: A1.4425 | B12: PBTPETGF15DSP8T | L12: 300 | BN12: =BM12+BL12+BK12+BJ12+BI12+BH12+BG12+BF12+BE12+BD12+BC12+BB12+BA12+AZ12+AY12+AX12+AW12+AV12+AU12+AT12+AS12+AR12+AQ12+AP12+AO12+AN12+AM12+AL12+AK12+AJ12+AI12+AH12+AG12+AF12+AE12+AD12+AC12+AB12+AA12+Z12+Y12+X12+W12+V12+U12+T12+S12+R12+Q12+P12+O12+N12+M12+L12+K12+J12+I12+H12+G12+F12+E12+D12+C12 -> 300
A13: A1.5108 | B13: POM3807 | BN13: =BM13+BL13+BK13+BJ13+BI13+BH13+BG13+BF13+BE13+BD13+BC13+BB13+BA13+AZ13+AY13+AX13+AW13+AV13+AU13+AT13+AS13+AR13+AQ13+AP13+AO13+AN13+AM13+AL13+AK13+AJ13+AI13+AH13+AG13+AF13+AE13+AD13+AC13+AB13+AA13+Z13+Y13+X13+W13+V13+U13+T13+S13+R13+Q13+P13+O13+N13+M13+L13+K13+J13+I13+H13+G13+F13+E13+D13+C13 -> 0
A14: A1.5109 | B14: POM 588P | J14: 190 | BN14: =BM14+BL14+BK14+BJ14+BI14+BH14+BG14+BF14+BE14+BD14+BC14+BB14+BA14+AZ14+AY14+AX14+AW14+AV14+AU14+AT14+AS14+AR14+AQ14+AP14+AO14+AN14+AM14+AL14+AK14+AJ14+AI14+AH14+AG14+AF14+AE14+AD14+AC14+AB14+AA14+Z14+Y14+X14+W14+V14+U14+T14+S14+R14+Q14+P14+O14+N14+M14+L14+K14+J14+I14+H14+G14+F14+E14+D14+C14 -> 190
A15: A1.5227 | B15: TPO CPREPND TD20 | F15: 1000 | BN15: =BM15+BL15+BK15+BJ15+BI15+BH15+BG15+BF15+BE15+BD15+BC15+BB15+BA15+AZ15+AY15+AX15+AW15+AV15+AU15+AT15+AS15+AR15+AQ15+AP15+AO15+AN15+AM15+AL15+AK15+AJ15+AI15+AH15+AG15+AF15+AE15+AD15+AC15+AB15+AA15+Z15+Y15+X15+W15+V15+U15+T15+S15+R15+Q15+P15+O15+N15+M15+L15+K15+J15+I15+H15+G15+F15+E15+D15+C15 -> 1000
A16: A1.5230 | B16: PPC3122F-M117 | H16: 500 | BN16: =BM16+BL16+BK16+BJ16+BI16+BH16+BG16+BF16+BE16+BD16+BC16+BB16+BA16+AZ16+AY16+AX16+AW16+AV16+AU16+AT16+AS16+AR16+AQ16+AP16+AO16+AN16+AM16+AL16+AK16+AJ16+AI16+AH16+AG16+AF16+AE16+AD16+AC16+AB16+AA16+Z16+Y16+X16+W16+V16+U16+T16+S16+R16+Q16+P16+O16+N16+M16+L16+K16+J16+I16+H16+G16+F16+E16+D16+C16 -> 500
A17: A1.5231 | B17: PPC3322T | BN17: =BM17+BL17+BK17+BJ17+BI17+BH17+BG17+BF17+BE17+BD17+BC17+BB17+BA17+AZ17+AY17+AX17+AW17+AV17+AU17+AT17+AS17+AR17+AQ17+AP17+AO17+AN17+AM17+AL17+AK17+AJ17+AI17+AH17+AG17+AF17+AE17+AD17+AC17+AB17+AA17+Z17+Y17+X17+W17+V17+U17+T17+S17+R17+Q17+P17+O17+N17+M17+L17+K17+J17+I17+H17+G17+F17+E17+D17+C17 -> 0
A18: A1.5232 | B18: PPC3322T -M125(JM8) | G18: 1000 | BN18: =BM18+BL18+BK18+BJ18+BI18+BH18+BG18+BF18+BE18+BD18+BC18+BB18+BA18+AZ18+AY18+AX18+AW18+AV18+AU18+AT18+AS18+AR18+AQ18+AP18+AO18+AN18+AM18+AL18+AK18+AJ18+AI18+AH18+AG18+AF18+AE18+AD18+AC18+AB18+AA18+Z18+Y18+X18+W18+V18+U18+T18+S18+R18+Q18+P18+O18+N18+M18+L18+K18+J18+I18+H18+G18+F18+E18+D18+C18 -> 1000
A19: A1.5260 | B19: PP +EPDM+T20EG299 | BN19: =BM19+BL19+BK19+BJ19+BI19+BH19+BG19+BF19+BE19+BD19+BC19+BB19+BA19+AZ19+AY19+AX19+AW19+AV19+AU19+AT19+AS19+AR19+AQ19+AP19+AO19+AN19+AM19+AL19+AK19+AJ19+AI19+AH19+AG19+AF19+AE19+AD19+AC19+AB19+AA19+Z19+Y19+X19+W19+V19+U19+T19+S19+R19+Q19+P19+O19+N19+M19+L19+K19+J19+I19+H19+G19+F19+E19+D19+C19 -> 0
A20: A1.5264 | B20: PPERC161NCN15926 | BN20: =BM20+BL20+BK20+BJ20+BI20+BH20+BG20+BF20+BE20+BD20+BC20+BB20+BA20+AZ20+AY20+AX20+AW20+AV20+AU20+AT20+AS20+AR20+AQ20+AP20+AO20+AN20+AM20+AL20+AK20+AJ20+AI20+AH20+AG20+AF20+AE20+AD20+AC20+AB20+AA20+Z20+Y20+X20+W20+V20+U20+T20+S20+R20+Q20+P20+O20+N20+M20+L20+K20+J20+I20+H20+G20+F20+E20+D20+C20 -> 0
A21: A1.5313 | B21: PPGF30 HSBK011 | L21: 1000 | BN21: =BM21+BL21+BK21+BJ21+BI21+BH21+BG21+BF21+BE21+BD21+BC21+BB21+BA21+AZ21+AY21+AX21+AW21+AV21+AU21+AT21+AS21+AR21+AQ21+AP21+AO21+AN21+AM21+AL21+AK21+AJ21+AI21+AH21+AG21+AF21+AE21+AD21+AC21+AB21+AA21+Z21+Y21+X21+W21+V21+U21+T21+S21+R21+Q21+P21+O21+N21+M21+L21+K21+J21+I21+H21+G21+F21+E21+D21+C21 -> 1000
A22: A1.5157 | B22: POM M9044 | BN22: =BM22+BL22+BK22+BJ22+BI22+BH22+BG22+BF22+BE22+BD22+BC22+BB22+BA22+AZ22+AY22+AX22+AW22+AV22+AU22+AT22+AS22+AR22+AQ22+AP22+AO22+AN22+AM22+AL22+AK22+AJ22+AI22+AH22+AG22+AF22+AE22+AD22+AC22+AB22+AA22+Z22+Y22+X22+W22+V22+U22+T22+S22+R22+Q22+P22+O22+N22+M22+L22+K22+J22+I22+H22+G22+F22+E22+D22+C22 -> 0
A23: A1.5193 | B23: PP A422 GM304C | BN23: =BM23+BL23+BK23+BJ23+BI23+BH23+BG23+BF23+BE23+BD23+BC23+BB23+BA23+AZ23+AY23+AX23+AW23+AV23+AU23+AT23+AS23+AR23+AQ23+AP23+AO23+AN23+AM23+AL23+AK23+AJ23+AI23+AH23+AG23+AF23+AE23+AD23+AC23+AB23+AA23+Z23+Y23+X23+W23+V23+U23+T23+S23+R23+Q23+P23+O23+N23+M23+L23+K23+J23+I23+H23+G23+F23+E23+D23+C23 -> 0
A24: A1.5195 | B24: PP A422L630 | D24: 1000 | BN24: =BM24+BL24+BK24+BJ24+BI24+BH24+BG24+BF24+BE24+BD24+BC24+BB24+BA24+AZ24+AY24+AX24+AW24+AV24+AU24+AT24+AS24+AR24+AQ24+AP24+AO24+AN24+AM24+AL24+AK24+AJ24+AI24+AH24+AG24+AF24+AE24+AD24+AC24+AB24+AA24+Z24+Y24+X24+W24+V24+U24+T24+S24+R24+Q24+P24+O24+N24+M24+L24+K24+J24+I24+H24+G24+F24+E24+D24+C24 -> 1000
A25: A1.5228 | B25: PP C332EF M12FCB | BN25: =BM25+BL25+BK25+BJ25+BI25+BH25+BG25+BF25+BE25+BD25+BC25+BB25+BA25+AZ25+AY25+AX25+AW25+AV25+AU25+AT25+AS25+AR25+AQ25+AP25+AO25+AN25+AM25+AL25+AK25+AJ25+AI25+AH25+AG25+AF25+AE25+AD25+AC25+AB25+AA25+Z25+Y25+X25+W25+V25+U25+T25+S25+R25+Q25+P25+O25+N25+M25+L25+K25+J25+I25+H25+G25+F25+E25+D25+C25 -> 0
A26: A1.5233 | B26: PP C33207 M12F | BN26: =BM26+BL26+BK26+BJ26+BI26+BH26+BG26+BF26+BE26+BD26+BC26+BB26+BA26+AZ26+AY26+AX26+AW26+AV26+AU26+AT26+AS26+AR26+AQ26+AP26+AO26+AN26+AM26+AL26+AK26+AJ26+AI26+AH26+AG26+AF26+AE26+AD26+AC26+AB26+AA26+Z26+Y26+X26+W26+V26+U26+T26+S26+R26+Q26+P26+O26+N26+M26+L26+K26+J26+I26+H26+G26+F26+E26+D26+C26 -> 0
A27: A1.5236 | B27: PP C654OL-638B | M27: 1000 | BN27: =BM27+BL27+BK27+BJ27+BI27+BH27+BG27+BF27+BE27+BD27+BC27+BB27+BA27+AZ27+AY27+AX27+AW27+AV27+AU27+AT27+AS27+AR27+AQ27+AP27+AO27+AN27+AM27+AL27+AK27+AJ27+AI27+AH27+AG27+AF27+AE27+AD27+AC27+AB27+AA27+Z27+Y27+X27+W27+V27+U27+T27+S27+R27+Q27+P27+O27+N27+M27+L27+K27+J27+I27+H27+G27+F27+E27+D27+C27 -> 1000
A28: A1.5326 | B28: PP H1407R | BN28: =BM28+BL28+BK28+BJ28+BI28+BH28+BG28+BF28+BE28+BD28+BC28+BB28+BA28+AZ28+AY28+AX28+AW28+AV28+AU28+AT28+AS28+AR28+AQ28+AP28+AO28+AN28+AM28+AL28+AK28+AJ28+AI28+AH28+AG28+AF28+AE28+AD28+AC28+AB28+AA28+Z28+Y28+X28+W28+V28+U28+T28+S28+R28+Q28+P28+O28+N28+M28+L28+K28+J28+I28+H28+G28+F28+E28+D28+C28 -> 0
A29: A1.5328 | B29: PP11FX TYC1152PBK | BN29: =BM29+BL29+BK29+BJ29+BI29+BH29+BG29+BF29+BE29+BD29+BC29+BB29+BA29+AZ29+AY29+AX29+AW29+AV29+AU29+AT29+AS29+AR29+AQ29+AP29+AO29+AN29+AM29+AL29+AK29+AJ29+AI29+AH29+AG29+AF29+AE29+AD29+AC29+AB29+AA29+Z29+Y29+X29+W29+V29+U29+T29+S29+R29+Q29+P29+O29+N29+M29+L29+K29+J29+I29+H29+G29+F29+E29+D29+C29 -> 0
A30: A1.5345 | B30: PP MD20 ECO | BN30: =BM30+BL30+BK30+BJ30+BI30+BH30+BG30+BF30+BE30+BD30+BC30+BB30+BA30+AZ30+AY30+AX30+AW30+AV30+AU30+AT30+AS30+AR30+AQ30+AP30+AO30+AN30+AM30+AL30+AK30+AJ30+AI30+AH30+AG30+AF30+AE30+AD30+AC30+AB30+AA30+Z30+Y30+X30+W30+V30+U30+T30+S30+R30+Q30+P30+O30+N30+M30+L30+K30+J30+I30+H30+G30+F30+E30+D30+C30 -> 0
A31: A1.5357 | H31: 500 | BN31: =BM31+BL31+BK31+BJ31+BI31+BH31+BG31+BF31+BE31+BD31+BC31+BB31+BA31+AZ31+AY31+AX31+AW31+AV31+AU31+AT31+AS31+AR31+AQ31+AP31+AO31+AN31+AM31+AL31+AK31+AJ31+AI31+AH31+AG31+AF31+AE31+AD31+AC31+AB31+AA31+Z31+Y31+X31+W31+V31+U31+T31+S31+R31+Q31+P31+O31+N31+M31+L31+K31+J31+I31+H31+G31+F31+E31+D31+C31 -> 500
A32: A1.5358 | B32: PP-T20A5132T(JM8) | H32: 1000 | BN32: =BM32+BL32+BK32+BJ32+BI32+BH32+BG32+BF32+BE32+BD32+BC32+BB32+BA32+AZ32+AY32+AX32+AW32+AV32+AU32+AT32+AS32+AR32+AQ32+AP32+AO32+AN32+AM32+AL32+AK32+AJ32+AI32+AH32+AG32+AF32+AE32+AD32+AC32+AB32+AA32+Z32+Y32+X32+W32+V32+U32+T32+S32+R32+Q32+P32+O32+N32+M32+L32+K32+J32+I32+H32+G32+F32+E32+D32+C32 -> 1000
A33: A1.5380 | B33: PP TD17 BMV214W | F33: 1000 | BN33: =BM33+BL33+BK33+BJ33+BI33+BH33+BG33+BF33+BE33+BD33+BC33+BB33+BA33+AZ33+AY33+AX33+AW33+AV33+AU33+AT33+AS33+AR33+AQ33+AP33+AO33+AN33+AM33+AL33+AK33+AJ33+AI33+AH33+AG33+AF33+AE33+AD33+AC33+AB33+AA33+Z33+Y33+X33+W33+V33+U33+T33+S33+R33+Q33+P33+O33+N33+M33+L33+K33+J33+I33+H33+G33+F33+E33+D33+C33 -> 1000
A34: A1.5386 | B34: PPTYC 852P | BN34: =BM34+BL34+BK34+BJ34+BI34+BH34+BG34+BF34+BE34+BD34+BC34+BB34+BA34+AZ34+AY34+AX34+AW34+AV34+AU34+AT34+AS34+AR34+AQ34+AP34+AO34+AN34+AM34+AL34+AK34+AJ34+AI34+AH34+AG34+AF34+AE34+AD34+AC34+AB34+AA34+Z34+Y34+X34+W34+V34+U34+T34+S34+R34+Q34+P34+O34+N34+M34+L34+K34+J34+I34+H34+G34+F34+E34+D34+C34 -> 0
A35: A1.5388 | B35: PP/EPD121 | BN35: =BM35+BL35+BK35+BJ35+BI35+BH35+BG35+BF35+BE35+BD35+BC35+BB35+BA35+AZ35+AY35+AX35+AW35+AV35+AU35+AT35+AS35+AR35+AQ35+AP35+AO35+AN35+AM35+AL35+AK35+AJ35+AI35+AH35+AG35+AF35+AE35+AD35+AC35+AB35+AA35+Z35+Y35+X35+W35+V35+U35+T35+S35+R35+Q35+P35+O35+N35+M35+L35+K35+J35+I35+H35+G35+F35+E35+D35+C35 -> 0
A36: A1.5420 | B36: PP+EPPM+T20 | BN36: =BM36+BL36+BK36+BJ36+BI36+BH36+BG36+BF36+BE36+BD36+BC36+BB36+BA36+AZ36+AY36+AX36+AW36+AV36+AU36+AT36+AS36+AR36+AQ36+AP36+AO36+AN36+AM36+AL36+AK36+AJ36+AI36+AH36+AG36+AF36+AE36+AD36+AC36+AB36+AA36+Z36+Y36+X36+W36+V36+U36+T36+S36+R36+Q36+P36+O36+N36+M36+L36+K36+J36+I36+H36+G36+F36+E36+D36+C36 -> 0
A37: A1.5422 | B37: PP+EPPM+TD20 | BN37: =BM37+BL37+BK37+BJ37+BI37+BH37+BG37+BF37+BE37+BD37+BC37+BB37+BA37+AZ37+AY37+AX37+AW37+AV37+AU37+AT37+AS37+AR37+AQ37+AP37+AO37+AN37+AM37+AL37+AK37+AJ37+AI37+AH37+AG37+AF37+AE37+AD37+AC37+AB37+AA37+Z37+Y37+X37+W37+V37+U37+T37+S37+R37+Q37+P37+O37+N37+M37+L37+K37+J37+I37+H37+G37+F37+E37+D37+C37 -> 0
A38: A1.4166 | B38: ABS HH106 | BN38: =BM38+BL38+BK38+BJ38+BI38+BH38+BG38+BF38+BE38+BD38+BC38+BB38+BA38+AZ38+AY38+AX38+AW38+AV38+AU38+AT38+AS38+AR38+AQ38+AP38+AO38+AN38+AM38+AL38+AK38+AJ38+AI38+AH38+AG38+AF38+AE38+AD38+AC38+AB38+AA38+Z38+Y38+X38+W38+V38+U38+T38+S38+R38+Q38+P38+O38+N38+M38+L38+K38+J38+I38+H38+G38+F38+E38+D38+C38 -> 0
A39: A1.5413 | B39: PP+EPDM+HTTD020 | L39: 1000 | BN39: =BM39+BL39+BK39+BJ39+BI39+BH39+BG39+BF39+BE39+BD39+BC39+BB39+BA39+AZ39+AY39+AX39+AW39+AV39+AU39+AT39+AS39+AR39+AQ39+AP39+AO39+AN39+AM39+AL39+AK39+AJ39+AI39+AH39+AG39+AF39+AE39+AD39+AC39+AB39+AA39+Z39+Y39+X39+W39+V39+U39+T39+S39+R39+Q39+P39+O39+N39+M39+L39+K39+J39+I39+H39+G39+F39+E39+D39+C39 -> 1000
A40: A1.5493 | B40: TEO-3000-60A黑 | BN40: =BM40+BL40+BK40+BJ40+BI40+BH40+BG40+BF40+BE40+BD40+BC40+BB40+BA40+AZ40+AY40+AX40+AW40+AV40+AU40+AT40+AS40+AR40+AQ40+AP40+AO40+AN40+AM40+AL40+AK40+AJ40+AI40+AH40+AG40+AF40+AE40+AD40+AC40+AB40+AA40+Z40+Y40+X40+W40+V40+U40+T40+S40+R40+Q40+P40+O40+N40+M40+L40+K40+J40+I40+H40+G40+F40+E40+D40+C40 -> 0
A41: A1.5511 | B41: TPE AT7210-70 | M41: 1000 | BN41: =BM41+BL41+BK41+BJ41+BI41+BH41+BG41+BF41+BE41+BD41+BC41+BB41+BA41+AZ41+AY41+AX41+AW41+AV41+AU41+AT41+AS41+AR41+AQ41+AP41+AO41+AN41+AM41+AL41+AK41+AJ41+AI41+AH41+AG41+AF41+AE41+AD41+AC41+AB41+AA41+Z41+Y41+X41+W41+V41+U41+T41+S41+R41+Q41+P41+O41+N41+M41+L41+K41+J41+I41+H41+G41+F41+E41+D41+C41 -> 1000
A42: A1.5779 | B42: PP-T6326A15 | BN42: =BM42+BL42+BK42+BJ42+BI42+BH42+BG42+BF42+BE42+BD42+BC42+BB42+BA42+AZ42+AY42+AX42+AW42+AV42+AU42+AT42+AS42+AR42+AQ42+AP42+AO42+AN42+AM42+AL42+AK42+AJ42+AI42+AH42+AG42+AF42+AE42+AD42+AC42+AB42+AA42+Z42+Y42+X42+W42+V42+U42+T42+S42+R42+Q42+P42+O42+N42+M42+L42+K42+J42+I42+H42+G42+F42+E42+D42+C42 -> 0
A43: A1.4513 | B43: PA6-MG30 HSBK006 | BN43: =BM43+BL43+BK43+BJ43+BI43+BH43+BG43+BF43+BE43+BD43+BC43+BB43+BA43+AZ43+AY43+AX43+AW43+AV43+AU43+AT43+AS43+AR43+AQ43+AP43+AO43+AN43+AM43+AL43+AK43+AJ43+AI43+AH43+AG43+AF43+AE43+AD43+AC43+AB43+AA43+Z43+Y43+X43+W43+V43+U43+T43+S43+R43+Q43+P43+O43+N43+M43+L43+K43+J43+I43+H43+G43+F43+E43+D43+C43 -> 0
A44: A1.4681 | B44: PC/ABS CB2340 | J44: 825 | BN44: =BM44+BL44+BK44+BJ44+BI44+BH44+BG44+BF44+BE44+BD44+BC44+BB44+BA44+AZ44+AY44+AX44+AW44+AV44+AU44+AT44+AS44+AR44+AQ44+AP44+AO44+AN44+AM44+AL44+AK44+AJ44+AI44+AH44+AG44+AF44+AE44+AD44+AC44+AB44+AA44+Z44+Y44+X44+W44+V44+U44+T44+S44+R44+Q44+P44+O44+N44+M44+L44+K44+J44+I44+H44+G44+F44+E44+D44+C44 -> 825
A45: A1.5311 | B45: GFPP-30 FRBK101 | BN45: =BM45+BL45+BK45+BJ45+BI45+BH45+BG45+BF45+BE45+BD45+BC45+BB45+BA45+AZ45+AY45+AX45+AW45+AV45+AU45+AT45+AS45+AR45+AQ45+AP45+AO45+AN45+AM45+AL45+AK45+AJ45+AI45+AH45+AG45+AF45+AE45+AD45+AC45+AB45+AA45+Z45+Y45+X45+W45+V45+U45+T45+S45+R45+Q45+P45+O45+N45+M45+L45+K45+J45+I45+H45+G45+F45+E45+D45+C45 -> 0
A46: A1.4214 | B46: APO 0816 JA6 BK | BN46: =BM46+BL46+BK46+BJ46+BI46+BH46+BG46+BF46+BE46+BD46+BC46+BB46+BA46+AZ46+AY46+AX46+AW46+AV46+AU46+AT46+AS46+AR46+AQ46+AP46+AO46+AN46+AM46+AL46+AK46+AJ46+AI46+AH46+AG46+AF46+AE46+AD46+AC46+AB46+AA46+Z46+Y46+X46+W46+V46+U46+T46+S46+R46+Q46+P46+O46+N46+M46+L46+K46+J46+I46+H46+G46+F46+E46+D46+C46 -> 0
A47: A1.4216 | B47: APO-CM308 BK001 | C47: 2550 | D47: 2000 | K47: 1000 | L47: 3000 | BN47: =BM47+BL47+BK47+BJ47+BI47+BH47+BG47+BF47+BE47+BD47+BC47+BB47+BA47+AZ47+AY47+AX47+AW47+AV47+AU47+AT47+AS47+AR47+AQ47+AP47+AO47+AN47+AM47+AL47+AK47+AJ47+AI47+AH47+AG47+AF47+AE47+AD47+AC47+AB47+AA47+Z47+Y47+X47+W47+V47+U47+T47+S47+R47+Q47+P47+O47+N47+M47+L47+K47+J47+I47+H47+G47+F47+E47+D47+C47 -> 8550
A48: A1.4217 | B48: APO-CM308 WHZJE | BN48: =BM48+BL48+BK48+BJ48+BI48+BH48+BG48+BF48+BE48+BD48+BC48+BB48+BA48+AZ48+AY48+AX48+AW48+AV48+AU48+AT48+AS48+AR48+AQ48+AP48+AO48+AN48+AM48+AL48+AK48+AJ48+AI48+AH48+AG48+AF48+AE48+AD48+AC48+AB48+AA48+Z48+Y48+X48+W48+V48+U48+T48+S48+R48+Q48+P48+O48+N48+M48+L48+K48+J48+I48+H48+G48+F48+E48+D48+C48 -> 0
A49: A1.4219 | B49: ASA 777K | BN49: =BM49+BL49+BK49+BJ49+BI49+BH49+BG49+BF49+BE49+BD49+BC49+BB49+BA49+AZ49+AY49+AX49+AW49+AV49+AU49+AT49+AS49+AR49+AQ49+AP49+AO49+AN49+AM49+AL49+AK49+AJ49+AI49+AH49+AG49+AF49+AE49+AD49+AC49+AB49+AA49+Z49+Y49+X49+W49+V49+U49+T49+S49+R49+Q49+P49+O49+N49+M49+L49+K49+J49+I49+H49+G49+F49+E49+D49+C49 -> 0
A50: A1.4299 | B50: PA6BKV60H21090016 | M50: 1000 | BN50: =BM50+BL50+BK50+BJ50+BI50+BH50+BG50+BF50+BE50+BD50+BC50+BB50+BA50+AZ50+AY50+AX50+AW50+AV50+AU50+AT50+AS50+AR50+AQ50+AP50+AO50+AN50+AM50+AL50+AK50+AJ50+AI50+AH50+AG50+AF50+AE50+AD50+AC50+AB50+AA50+Z50+Y50+X50+W50+V50+U50+T50+S50+R50+Q50+P50+O50+N50+M50+L50+K50+J50+I50+H50+G50+F50+E50+D50+C50 -> 1000
A51: A1.4317 | B51: PA6-MG30 HSBK006 | J51: 2000 | K51: 2000 | BN51: =BM51+BL51+BK51+BJ51+BI51+BH51+BG51+BF51+BE51+BD51+BC51+BB51+BA51+AZ51+AY51+AX51+AW51+AV51+AU51+AT51+AS51+AR51+AQ51+AP51+AO51+AN51+AM51+AL51+AK51+AJ51+AI51+AH51+AG51+AF51+AE51+AD51+AC51+AB51+AA51+Z51+Y51+X51+W51+V51+U51+T51+S51+R51+Q51+P51+O51+N51+M51+L51+K51+J51+I51+H51+G51+F51+E51+D51+C51 -> 4000
A52: A1.1530/4214 | B52: APO 0816 JA6 BK | BN52: =BM52+BL52+BK52+BJ52+BI52+BH52+BG52+BF52+BE52+BD52+BC52+BB52+BA52+AZ52+AY52+AX52+AW52+AV52+AU52+AT52+AS52+AR52+AQ52+AP52+AO52+AN52+AM52+AL52+AK52+AJ52+AI52+AH52+AG52+AF52+AE52+AD52+AC52+AB52+AA52+Z52+Y52+X52+W52+V52+U52+T52+S52+R52+Q52+P52+O52+N52+M52+L52+K52+J52+I52+H52+G52+F52+E52+D52+C52 -> 0
A53: A1.0329/4679 | B53: PC/ABS CB2340 | BN53: =BM53+BL53+BK53+BJ53+BI53+BH53+BG53+BF53+BE53+BD53+BC53+BB53+BA53+AZ53+AY53+AX53+AW53+AV53+AU53+AT53+AS53+AR53+AQ53+AP53+AO53+AN53+AM53+AL53+AK53+AJ53+AI53+AH53+AG53+AF53+AE53+AD53+AC53+AB53+AA53+Z53+Y53+X53+W53+V53+U53+T53+S53+R53+Q53+P53+O53+N53+M53+L53+K53+J53+I53+H53+G53+F53+E53+D53+C53 -> 0
A54: A1.5777 | B54: 耐磨块色母 | BN54: =BM54+BL54+BK54+BJ54+BI54+BH54+BG54+BF54+BE54+BD54+BC54+BB54+BA54+AZ54+AY54+AX54+AW54+AV54+AU54+AT54+AS54+AR54+AQ54+AP54+AO54+AN54+AM54+AL54+AK54+AJ54+AI54+AH54+AG54+AF54+AE54+AD54+AC54+AB54+AA54+Z54+Y54+X54+W54+V54+U54+T54+S54+R54+Q54+P54+O54+N54+M54+L54+K54+J54+I54+H54+G54+F54+E54+D54+C54 -> 0
A55: A1.5957 | B55: PP糖色 | K55: -550 | L55: 200 | BN55: =BM55+BL55+BK55+BJ55+BI55+BH55+BG55+BF55+BE55+BD55+BC55+BB55+BA55+AZ55+AY55+AX55+AW55+AV55+AU55+AT55+AS55+AR55+AQ55+AP55+AO55+AN55+AM55+AL55+AK55+AJ55+AI55+AH55+AG55+AF55+AE55+AD55+AC55+AB55+AA55+Z55+Y55+X55+W55+V55+U55+T55+S55+R55+Q55+P55+O55+N55+M55+L55+K55+J55+I55+H55+G55+F55+E55+D55+C55 -> -350
A56: A1.5985 | B56: ABS/345OF-HH378L | BN56: =BM56+BL56+BK56+BJ56+BI56+BH56+BG56+BF56+BE56+BD56+BC56+BB56+BA56+AZ56+AY56+AX56+AW56+AV56+AU56+AT56+AS56+AR56+AQ56+AP56+AO56+AN56+AM56+AL56+AK56+AJ56+AI56+AH56+AG56+AF56+AE56+AD56+AC56+AB56+AA56+Z56+Y56+X56+W56+V56+U56+T56+S56+R56+Q56+P56+O56+N56+M56+L56+K56+J56+I56+H56+G56+F56+E56+D56+C56 -> 0
A57: A5.4066 | B57: ABS EF378L | BN57: =BM57+BL57+BK57+BJ57+BI57+BH57+BG57+BF57+BE57+BD57+BC57+BB57+BA57+AZ57+AY57+AX57+AW57+AV57+AU57+AT57+AS57+AR57+AQ57+AP57+AO57+AN57+AM57+AL57+AK57+AJ57+AI57+AH57+AG57+AF57+AE57+AD57+AC57+AB57+AA57+Z57+Y57+X57+W57+V57+U57+T57+S57+R57+Q57+P57+O57+N57+M57+L57+K57+J57+I57+H57+G57+F57+E57+D57+C57 -> 0
A58: A5.4116 | B58: ABS HF380 8H408 | BN58: =BM58+BL58+BK58+BJ58+BI58+BH58+BG58+BF58+BE58+BD58+BC58+BB58+BA58+AZ58+AY58+AX58+AW58+AV58+AU58+AT58+AS58+AR58+AQ58+AP58+AO58+AN58+AM58+AL58+AK58+AJ58+AI58+AH58+AG58+AF58+AE58+AD58+AC58+AB58+AA58+Z58+Y58+X58+W58+V58+U58+T58+S58+R58+Q58+P58+O58+N58+M58+L58+K58+J58+I58+H58+G58+F58+E58+D58+C58 -> 0
A59: A5.4145 | B59: ABS NH0700FX | BN59: =BM59+BL59+BK59+BJ59+BI59+BH59+BG59+BF59+BE59+BD59+BC59+BB59+BA59+AZ59+AY59+AX59+AW59+AV59+AU59+AT59+AS59+AR59+AQ59+AP59+AO59+AN59+AM59+AL59+AK59+AJ59+AI59+AH59+AG59+AF59+AE59+AD59+AC59+AB59+AA59+Z59+Y59+X59+W59+V59+U59+T59+S59+R59+Q59+P59+O59+N59+M59+L59+K59+J59+I59+H59+G59+F59+E59+D59+C59 -> 0
A60: A5.4150 | B60: ABS NH0700FX | BN60: =BM60+BL60+BK60+BJ60+BI60+BH60+BG60+BF60+BE60+BD60+BC60+BB60+BA60+AZ60+AY60+AX60+AW60+AV60+AU60+AT60+AS60+AR60+AQ60+AP60+AO60+AN60+AM60+AL60+AK60+AJ60+AI60+AH60+AG60+AF60+AE60+AD60+AC60+AB60+AA60+Z60+Y60+X60+W60+V60+U60+T60+S60+R60+Q60+P60+O60+N60+M60+L60+K60+J60+I60+H60+G60+F60+E60+D60+C60 -> 0
A61: A5.4190 | B61: ABS EFJ31-450 | BN61: =BM61+BL61+BK61+BJ61+BI61+BH61+BG61+BF61+BE61+BD61+BC61+BB61+BA61+AZ61+AY61+AX61+AW61+AV61+AU61+AT61+AS61+AR61+AQ61+AP61+AO61+AN61+AM61+AL61+AK61+AJ61+AI61+AH61+AG61+AF61+AE61+AD61+AC61+AB61+AA61+Z61+Y61+X61+W61+V61+U61+T61+S61+R61+Q61+P61+O61+N61+M61+L61+K61+J61+I61+H61+G61+F61+E61+D61+C61 -> 0
A62: A5.4202 | B62: ABS J5 139712-2 | BN62: =BM62+BL62+BK62+BJ62+BI62+BH62+BG62+BF62+BE62+BD62+BC62+BB62+BA62+AZ62+AY62+AX62+AW62+AV62+AU62+AT62+AS62+AR62+AQ62+AP62+AO62+AN62+AM62+AL62+AK62+AJ62+AI62+AH62+AG62+AF62+AE62+AD62+AC62+AB62+AA62+Z62+Y62+X62+W62+V62+U62+T62+S62+R62+Q62+P62+O62+N62+M62+L62+K62+J62+I62+H62+G62+F62+E62+D62+C62 -> 0
A63: A5.4619 | B63: PC MN3600H CM052H | BN63: =BM63+BL63+BK63+BJ63+BI63+BH63+BG63+BF63+BE63+BD63+BC63+BB63+BA63+AZ63+AY63+AX63+AW63+AV63+AU63+AT63+AS63+AR63+AQ63+AP63+AO63+AN63+AM63+AL63+AK63+AJ63+AI63+AH63+AG63+AF63+AE63+AD63+AC63+AB63+AA63+Z63+Y63+X63+W63+V63+U63+T63+S63+R63+Q63+P63+O63+N63+M63+L63+K63+J63+I63+H63+G63+F63+E63+D63+C63 -> 0
A64: A5.4620 | B64: PC MN3600H | BN64: =BM64+BL64+BK64+BJ64+BI64+BH64+BG64+BF64+BE64+BD64+BC64+BB64+BA64+AZ64+AY64+AX64+AW64+AV64+AU64+AT64+AS64+AR64+AQ64+AP64+AO64+AN64+AM64+AL64+AK64+AJ64+AI64+AH64+AG64+AF64+AE64+AD64+AC64+AB64+AA64+Z64+Y64+X64+W64+V64+U64+T64+S64+R64+Q64+P64+O64+N64+M64+L64+K64+J64+I64+H64+G64+F64+E64+D64+C64 -> 0
A65: A5.4679 | BN65: =BM65+BL65+BK65+BJ65+BI65+BH65+BG65+BF65+BE65+BD65+BC65+BB65+BA65+AZ65+AY65+AX65+AW65+AV65+AU65+AT65+AS65+AR65+AQ65+AP65+AO65+AN65+AM65+AL65+AK65+AJ65+AI65+AH65+AG65+AF65+AE65+AD65+AC65+AB65+AA65+Z65+Y65+X65+W65+V65+U65+T65+S65+R65+Q65+P65+O65+N65+M65+L65+K65+J65+I65+H65+G65+F65+E65+D65+C65 -> 0
A66: A5.4332 | BN66: =BM66+BL66+BK66+BJ66+BI66+BH66+BG66+BF66+BE66+BD66+BC66+BB66+BA66+AZ66+AY66+AX66+AW66+AV66+AU66+AT66+AS66+AR66+AQ66+AP66+AO66+AN66+AM66+AL66+AK66+AJ66+AI66+AH66+AG66+AF66+AE66+AD66+AC66+AB66+AA66+Z66+Y66+X66+W66+V66+U66+T66+S66+R66+Q66+P66+O66+N66+M66+L66+K66+J66+I66+H66+G66+F66+E66+D66+C66 -> 0
A67: A5.4830 | BN67: =BM67+BL67+BK67+BJ67+BI67+BH67+BG67+BF67+BE67+BD67+BC67+BB67+BA67+AZ67+AY67+AX67+AW67+AV67+AU67+AT67+AS67+AR67+AQ67+AP67+AO67+AN67+AM67+AL67+AK67+AJ67+AI67+AH67+AG67+AF67+AE67+AD67+AC67+AB67+AA67+Z67+Y67+X67+W67+V67+U67+T67+S67+R67+Q67+P67+O67+N67+M67+L67+K67+J67+I67+H67+G67+F67+E67+D67+C67 -> 0
A68: A5.5167 | B68: POM NW-02C | BN68: =BM68+BL68+BK68+BJ68+BI68+BH68+BG68+BF68+BE68+BD68+BC68+BB68+BA68+AZ68+AY68+AX68+AW68+AV68+AU68+AT68+AS68+AR68+AQ68+AP68+AO68+AN68+AM68+AL68+AK68+AJ68+AI68+AH68+AG68+AF68+AE68+AD68+AC68+AB68+AA68+Z68+Y68+X68+W68+V68+U68+T68+S68+R68+Q68+P68+O68+N68+M68+L68+K68+J68+I68+H68+G68+F68+E68+D68+C68 -> 0
A69: A5.0299 | B69: POM 188P | BN69: =BM69+BL69+BK69+BJ69+BI69+BH69+BG69+BF69+BE69+BD69+BC69+BB69+BA69+AZ69+AY69+AX69+AW69+AV69+AU69+AT69+AS69+AR69+AQ69+AP69+AO69+AN69+AM69+AL69+AK69+AJ69+AI69+AH69+AG69+AF69+AE69+AD69+AC69+AB69+AA69+Z69+Y69+X69+W69+V69+U69+T69+S69+R69+Q69+P69+O69+N69+M69+L69+K69+J69+I69+H69+G69+F69+E69+D69+C69 -> 0
A70: A5.4717 | B70: PC/ABS FR3005 | BN70: =BM70+BL70+BK70+BJ70+BI70+BH70+BG70+BF70+BE70+BD70+BC70+BB70+BA70+AZ70+AY70+AX70+AW70+AV70+AU70+AT70+AS70+AR70+AQ70+AP70+AO70+AN70+AM70+AL70+AK70+AJ70+AI70+AH70+AG70+AF70+AE70+AD70+AC70+AB70+AA70+Z70+Y70+X70+W70+V70+U70+T70+S70+R70+Q70+P70+O70+N70+M70+L70+K70+J70+I70+H70+G70+F70+E70+D70+C70 -> 0
A71: A5.5110 | B71: POM 588P BK602 | BN71: =BM71+BL71+BK71+BJ71+BI71+BH71+BG71+BF71+BE71+BD71+BC71+BB71+BA71+AZ71+AY71+AX71+AW71+AV71+AU71+AT71+AS71+AR71+AQ71+AP71+AO71+AN71+AM71+AL71+AK71+AJ71+AI71+AH71+AG71+AF71+AE71+AD71+AC71+AB71+AA71+Z71+Y71+X71+W71+V71+U71+T71+S71+R71+Q71+P71+O71+N71+M71+L71+K71+J71+I71+H71+G71+F71+E71+D71+C71 -> 0
A72: A5.5111 | B72: POM 188PGY4900 | BN72: =BM72+BL72+BK72+BJ72+BI72+BH72+BG72+BF72+BE72+BD72+BC72+BB72+BA72+AZ72+AY72+AX72+AW72+AV72+AU72+AT72+AS72+AR72+AQ72+AP72+AO72+AN72+AM72+AL72+AK72+AJ72+AI72+AH72+AG72+AF72+AE72+AD72+AC72+AB72+AA72+Z72+Y72+X72+W72+V72+U72+T72+S72+R72+Q72+P72+O72+N72+M72+L72+K72+J72+I72+H72+G72+F72+E72+D72+C72 -> 0
A73: A5.5112 | BN73: =BM73+BL73+BK73+BJ73+BI73+BH73+BG73+BF73+BE73+BD73+BC73+BB73+BA73+AZ73+AY73+AX73+AW73+AV73+AU73+AT73+AS73+AR73+AQ73+AP73+AO73+AN73+AM73+AL73+AK73+AJ73+AI73+AH73+AG73+AF73+AE73+AD73+AC73+AB73+AA73+Z73+Y73+X73+W73+V73+U73+T73+S73+R73+Q73+P73+O73+N73+M73+L73+K73+J73+I73+H73+G73+F73+E73+D73+C73 -> 0
A74: A5.5174 | B74: POM NW-01CD3501 | BN74: =BM74+BL74+BK74+BJ74+BI74+BH74+BG74+BF74+BE74+BD74+BC74+BB74+BA74+AZ74+AY74+AX74+AW74+AV74+AU74+AT74+AS74+AR74+AQ74+AP74+AO74+AN74+AM74+AL74+AK74+AJ74+AI74+AH74+AG74+AF74+AE74+AD74+AC74+AB74+AA74+Z74+Y74+X74+W74+V74+U74+T74+S74+R74+Q74+P74+O74+N74+M74+L74+K74+J74+I74+H74+G74+F74+E74+D74+C74 -> 0
A75: A1.6014 | B75: PP P20720A10-5E | BN75: =BM75+BL75+BK75+BJ75+BI75+BH75+BG75+BF75+BE75+BD75+BC75+BB75+BA75+AZ75+AY75+AX75+AW75+AV75+AU75+AT75+AS75+AR75+AQ75+AP75+AO75+AN75+AM75+AL75+AK75+AJ75+AI75+AH75+AG75+AF75+AE75+AD75+AC75+AB75+AA75+Z75+Y75+X75+W75+V75+U75+T75+S75+R75+Q75+P75+O75+N75+M75+L75+K75+J75+I75+H75+G75+F75+E75+D75+C75 -> 0
A76: Z8.237 | B76: 外协入库单 | BN76: =BM76+BL76+BK76+BJ76+BI76+BH76+BG76+BF76+BE76+BD76+BC76+BB76+BA76+AZ76+AY76+AX76+AW76+AV76+AU76+AT76+AS76+AR76+AQ76+AP76+AO76+AN76+AM76+AL76+AK76+AJ76+AI76+AH76+AG76+AF76+AE76+AD76+AC76+AB76+AA76+Z76+Y76+X76+W76+V76+U76+T76+S76+R76+Q76+P76+O76+N76+M76+L76+K76+J76+I76+H76+G76+F76+E76+D76+C76 -> 0
A77: ZP.224 | B77: 生产管理表 | BN77: =BM77+BL77+BK77+BJ77+BI77+BH77+BG77+BF77+BE77+BD77+BC77+BB77+BA77+AZ77+AY77+AX77+AW77+AV77+AU77+AT77+AS77+AR77+AQ77+AP77+AO77+AN77+AM77+AL77+AK77+AJ77+AI77+AH77+AG77+AF77+AE77+AD77+AC77+AB77+AA77+Z77+Y77+X77+W77+V77+U77+T77+S77+R77+Q77+P77+O77+N77+M77+L77+K77+J77+I77+H77+G77+F77+E77+D77+C77 -> 0
A78: ZP.221 | B78: 明细书 | BN78: =BM78+BL78+BK78+BJ78+BI78+BH78+BG78+BF78+BE78+BD78+BC78+BB78+BA78+AZ78+AY78+AX78+AW78+AV78+AU78+AT78+AS78+AR78+AQ78+AP78+AO78+AN78+AM78+AL78+AK78+AJ78+AI78+AH78+AG78+AF78+AE78+AD78+AC78+AB78+AA78+Z78+Y78+X78+W78+V78+U78+T78+S78+R78+Q78+P78+O78+N78+M78+L78+K78+J78+I78+H78+G78+F78+E78+D78+C78 -> 0
A79: F2.0380 | B79: 全检票 | BN79: =BM79+BL79+BK79+BJ79+BI79+BH79+BG79+BF79+BE79+BD79+BC79+BB79+BA79+AZ79+AY79+AX79+AW79+AV79+AU79+AT79+AS79+AR79+AQ79+AP79+AO79+AN79+AM79+AL79+AK79+AJ79+AI79+AH79+AG79+AF79+AE79+AD79+AC79+AB79+AA79+Z79+Y79+X79+W79+V79+U79+T79+S79+R79+Q79+P79+O79+N79+M79+L79+K79+J79+I79+H79+G79+F79+E79+D79+C79 -> 0
A80: Z9.268 | B80: 领料单 | BN80: =BM80+BL80+BK80+BJ80+BI80+BH80+BG80+BF80+BE80+BD80+BC80+BB80+BA80+AZ80+AY80+AX80+AW80+AV80+AU80+AT80+AS80+AR80+AQ80+AP80+AO80+AN80+AM80+AL80+AK80+AJ80+AI80+AH80+AG80+AF80+AE80+AD80+AC80+AB80+AA80+Z80+Y80+X80+W80+V80+U80+T80+S80+R80+Q80+P80+O80+N80+M80+L80+K80+J80+I80+H80+G80+F80+E80+D80+C80 -> 0
A81: ZP.173 | B81: 李尔明细书 | BN81: =BM81+BL81+BK81+BJ81+BI81+BH81+BG81+BF81+BE81+BD81+BC81+BB81+BA81+AZ81+AY81+AX81+AW81+AV81+AU81+AT81+AS81+AR81+AQ81+AP81+AO81+AN81+AM81+AL81+AK81+AJ81+AI81+AH81+AG81+AF81+AE81+AD81+AC81+AB81+AA81+Z81+Y81+X81+W81+V81+U81+T81+S81+R81+Q81+P81+O81+N81+M81+L81+K81+J81+I81+H81+G81+F81+E81+D81+C81 -> 0
A82: F1.0068 | B82: 2735072X | BN82: =BM82+BL82+BK82+BJ82+BI82+BH82+BG82+BF82+BE82+BD82+BC82+BB82+BA82+AZ82+AY82+AX82+AW82+AV82+AU82+AT82+AS82+AR82+AQ82+AP82+AO82+AN82+AM82+AL82+AK82+AJ82+AI82+AH82+AG82+AF82+AE82+AD82+AC82+AB82+AA82+Z82+Y82+X82+W82+V82+U82+T82+S82+R82+Q82+P82+O82+N82+M82+L82+K82+J82+I82+H82+G82+F82+E82+D82+C82 -> 0
A83: F1.0069 | B83: 2735073X | BN83: =BM83+BL83+BK83+BJ83+BI83+BH83+BG83+BF83+BE83+BD83+BC83+BB83+BA83+AZ83+AY83+AX83+AW83+AV83+AU83+AT83+AS83+AR83+AQ83+AP83+AO83+AN83+AM83+AL83+AK83+AJ83+AI83+AH83+AG83+AF83+AE83+AD83+AC83+AB83+AA83+Z83+Y83+X83+W83+V83+U83+T83+S83+R83+Q83+P83+O83+N83+M83+L83+K83+J83+I83+H83+G83+F83+E83+D83+C83 -> 0
A84: F1.0066 | B84: 2735070X | BN84: =BM84+BL84+BK84+BJ84+BI84+BH84+BG84+BF84+BE84+BD84+BC84+BB84+BA84+AZ84+AY84+AX84+AW84+AV84+AU84+AT84+AS84+AR84+AQ84+AP84+AO84+AN84+AM84+AL84+AK84+AJ84+AI84+AH84+AG84+AF84+AE84+AD84+AC84+AB84+AA84+Z84+Y84+X84+W84+V84+U84+T84+S84+R84+Q84+P84+O84+N84+M84+L84+K84+J84+I84+H84+G84+F84+E84+D84+C84 -> 0
A85: F1.0888 | B85: 泡沫 | L85: 2000 | BN85: =BM85+BL85+BK85+BJ85+BI85+BH85+BG85+BF85+BE85+BD85+BC85+BB85+BA85+AZ85+AY85+AX85+AW85+AV85+AU85+AT85+AS85+AR85+AQ85+AP85+AO85+AN85+AM85+AL85+AK85+AJ85+AI85+AH85+AG85+AF85+AE85+AD85+AC85+AB85+AA85+Z85+Y85+X85+W85+V85+U85+T85+S85+R85+Q85+P85+O85+N85+M85+L85+K85+J85+I85+H85+G85+F85+E85+D85+C85 -> 2000
A86: F1.0858 | B86: 毛毡 | L86: 2000 | BN86: =BM86+BL86+BK86+BJ86+BI86+BH86+BG86+BF86+BE86+BD86+BC86+BB86+BA86+AZ86+AY86+AX86+AW86+AV86+AU86+AT86+AS86+AR86+AQ86+AP86+AO86+AN86+AM86+AL86+AK86+AJ86+AI86+AH86+AG86+AF86+AE86+AD86+AC86+AB86+AA86+Z86+Y86+X86+W86+V86+U86+T86+S86+R86+Q86+P86+O86+N86+M86+L86+K86+J86+I86+H86+G86+F86+E86+D86+C86 -> 2000
A87: F1.0271 | B87: COVER贴膜 | BN87: =BM87+BL87+BK87+BJ87+BI87+BH87+BG87+BF87+BE87+BD87+BC87+BB87+BA87+AZ87+AY87+AX87+AW87+AV87+AU87+AT87+AS87+AR87+AQ87+AP87+AO87+AN87+AM87+AL87+AK87+AJ87+AI87+AH87+AG87+AF87+AE87+AD87+AC87+AB87+AA87+Z87+Y87+X87+W87+V87+U87+T87+S87+R87+Q87+P87+O87+N87+M87+L87+K87+J87+I87+H87+G87+F87+E87+D87+C87 -> 0
A88: F1.2287 | B88: 麦拉片 | H88: 20000 | BN88: =BM88+BL88+BK88+BJ88+BI88+BH88+BG88+BF88+BE88+BD88+BC88+BB88+BA88+AZ88+AY88+AX88+AW88+AV88+AU88+AT88+AS88+AR88+AQ88+AP88+AO88+AN88+AM88+AL88+AK88+AJ88+AI88+AH88+AG88+AF88+AE88+AD88+AC88+AB88+AA88+Z88+Y88+X88+W88+V88+U88+T88+S88+R88+Q88+P88+O88+N88+M88+L88+K88+J88+I88+H88+G88+F88+E88+D88+C88 -> 20000
A89: F1.1154 | B89: W71804-5439排力螺母 | L89: 6000 | BN89: =BM89+BL89+BK89+BJ89+BI89+BH89+BG89+BF89+BE89+BD89+BC89+BB89+BA89+AZ89+AY89+AX89+AW89+AV89+AU89+AT89+AS89+AR89+AQ89+AP89+AO89+AN89+AM89+AL89+AK89+AJ89+AI89+AH89+AG89+AF89+AE89+AD89+AC89+AB89+AA89+Z89+Y89+X89+W89+V89+U89+T89+S89+R89+Q89+P89+O89+N89+M89+L89+K89+J89+I89+H89+G89+F89+E89+D89+C89 -> 6000
A90: F1.1551 | B90: 螺钉 | L90: 5000 | BN90: =BM90+BL90+BK90+BJ90+BI90+BH90+BG90+BF90+BE90+BD90+BC90+BB90+BA90+AZ90+AY90+AX90+AW90+AV90+AU90+AT90+AS90+AR90+AQ90+AP90+AO90+AN90+AM90+AL90+AK90+AJ90+AI90+AH90+AG90+AF90+AE90+AD90+AC90+AB90+AA90+Z90+Y90+X90+W90+V90+U90+T90+S90+R90+Q90+P90+O90+N90+M90+L90+K90+J90+I90+H90+G90+F90+E90+D90+C90 -> 5000
A91: F1.1592 | B91: 毛钻 | L91: 4000 | BN91: =BM91+BL91+BK91+BJ91+BI91+BH91+BG91+BF91+BE91+BD91+BC91+BB91+BA91+AZ91+AY91+AX91+AW91+AV91+AU91+AT91+AS91+AR91+AQ91+AP91+AO91+AN91+AM91+AL91+AK91+AJ91+AI91+AH91+AG91+AF91+AE91+AD91+AC91+AB91+AA91+Z91+Y91+X91+W91+V91+U91+T91+S91+R91+Q91+P91+O91+N91+M91+L91+K91+J91+I91+H91+G91+F91+E91+D91+C91 -> 4000
A92: F1.1328 | B92: W710609S | BN92: =BM92+BL92+BK92+BJ92+BI92+BH92+BG92+BF92+BE92+BD92+BC92+BB92+BA92+AZ92+AY92+AX92+AW92+AV92+AU92+AT92+AS92+AR92+AQ92+AP92+AO92+AN92+AM92+AL92+AK92+AJ92+AI92+AH92+AG92+AF92+AE92+AD92+AC92+AB92+AA92+Z92+Y92+X92+W92+V92+U92+T92+S92+R92+Q92+P92+O92+N92+M92+L92+K92+J92+I92+H92+G92+F92+E92+D92+C92 -> 0
A93: F1.1330 | B93: W715645卡扣 | BN93: =BM93+BL93+BK93+BJ93+BI93+BH93+BG93+BF93+BE93+BD93+BC93+BB93+BA93+AZ93+AY93+AX93+AW93+AV93+AU93+AT93+AS93+AR93+AQ93+AP93+AO93+AN93+AM93+AL93+AK93+AJ93+AI93+AH93+AG93+AF93+AE93+AD93+AC93+AB93+AA93+Z93+Y93+X93+W93+V93+U93+T93+S93+R93+Q93+P93+O93+N93+M93+L93+K93+J93+I93+H93+G93+F93+E93+D93+C93 -> 0
A94: F1.1331 | B94: w719189-S403 | L94: 15000 | BN94: =BM94+BL94+BK94+BJ94+BI94+BH94+BG94+BF94+BE94+BD94+BC94+BB94+BA94+AZ94+AY94+AX94+AW94+AV94+AU94+AT94+AS94+AR94+AQ94+AP94+AO94+AN94+AM94+AL94+AK94+AJ94+AI94+AH94+AG94+AF94+AE94+AD94+AC94+AB94+AA94+Z94+Y94+X94+W94+V94+U94+T94+S94+R94+Q94+P94+O94+N94+M94+L94+K94+J94+I94+H94+G94+F94+E94+D94+C94 -> 15000
A95: F1.1536 | B95: 卡子 | I95: 15000 | BN95: =BM95+BL95+BK95+BJ95+BI95+BH95+BG95+BF95+BE95+BD95+BC95+BB95+BA95+AZ95+AY95+AX95+AW95+AV95+AU95+AT95+AS95+AR95+AQ95+AP95+AO95+AN95+AM95+AL95+AK95+AJ95+AI95+AH95+AG95+AF95+AE95+AD95+AC95+AB95+AA95+Z95+Y95+X95+W95+V95+U95+T95+S95+R95+Q95+P95+O95+N95+M95+L95+K95+J95+I95+H95+G95+F95+E95+D95+C95 -> 15000
A96: F1.1537 | B96: 推钉 | L96: 10000 | BN96: =BM96+BL96+BK96+BJ96+BI96+BH96+BG96+BF96+BE96+BD96+BC96+BB96+BA96+AZ96+AY96+AX96+AW96+AV96+AU96+AT96+AS96+AR96+AQ96+AP96+AO96+AN96+AM96+AL96+AK96+AJ96+AI96+AH96+AG96+AF96+AE96+AD96+AC96+AB96+AA96+Z96+Y96+X96+W96+V96+U96+T96+S96+R96+Q96+P96+O96+N96+M96+L96+K96+J96+I96+H96+G96+F96+E96+D96+C96 -> 10000
A97: F1.1572 | B97: VP137346.0004 | BN97: =BM97+BL97+BK97+BJ97+BI97+BH97+BG97+BF97+BE97+BD97+BC97+BB97+BA97+AZ97+AY97+AX97+AW97+AV97+AU97+AT97+AS97+AR97+AQ97+AP97+AO97+AN97+AM97+AL97+AK97+AJ97+AI97+AH97+AG97+AF97+AE97+AD97+AC97+AB97+AA97+Z97+Y97+X97+W97+V97+U97+T97+S97+R97+Q97+P97+O97+N97+M97+L97+K97+J97+I97+H97+G97+F97+E97+D97+C97 -> 0
A98: F1.1756 | B98: W700970 | L98: 15000 | BN98: =BM98+BL98+BK98+BJ98+BI98+BH98+BG98+BF98+BE98+BD98+BC98+BB98+BA98+AZ98+AY98+AX98+AW98+AV98+AU98+AT98+AS98+AR98+AQ98+AP98+AO98+AN98+AM98+AL98+AK98+AJ98+AI98+AH98+AG98+AF98+AE98+AD98+AC98+AB98+AA98+Z98+Y98+X98+W98+V98+U98+T98+S98+R98+Q98+P98+O98+N98+M98+L98+K98+J98+I98+H98+G98+F98+E98+D98+C98 -> 15000
A99: F1.1871 | B99: 限压圆形环9*11*6 | L99: 3000 | BN99: =BM99+BL99+BK99+BJ99+BI99+BH99+BG99+BF99+BE99+BD99+BC99+BB99+BA99+AZ99+AY99+AX99+AW99+AV99+AU99+AT99+AS99+AR99+AQ99+AP99+AO99+AN99+AM99+AL99+AK99+AJ99+AI99+AH99+AG99+AF99+AE99+AD99+AC99+AB99+AA99+Z99+Y99+X99+W99+V99+U99+T99+S99+R99+Q99+P99+O99+N99+M99+L99+K99+J99+I99+H99+G99+F99+E99+D99+C99 -> 3000
A100: F1.1872 | B100: 限压圆形环9*9*6 | L100: 3000 | BN100: =BM100+BL100+BK100+BJ100+BI100+BH100+BG100+BF100+BE100+BD100+BC100+BB100+BA100+AZ100+AY100+AX100+AW100+AV100+AU100+AT100+AS100+AR100+AQ100+AP100+AO100+AN100+AM100+AL100+AK100+AJ100+AI100+AH100+AG100+AF100+AE100+AD100+AC100+AB100+AA100+Z100+Y100+X100+W100+V100+U100+T100+S100+R100+Q100+P100+O100+N100+M100+L100+K100+J100+I100+H100+G100+F100+E100+D100+C100 -> 3000
...

Sheet 2023年9月材料领用             
A1: 2023年9月份深远材料辅件领用清单
A2: 材料代码 | B2: 日期 数量 名称 | C2: 45173 | D2: 45175 | E2: 45176 | F2: 45179 | G2: 45180 | H2: 45181 | I2: 45182 | J2: 45183 | K2: 45187 | L2: 45189 | M2: 45193 | N2: 45194 | BM2: 45195 | BN2: 深远 | BO2: 杭友
A3: A1.1811 | B3: PP-CGF+TD235 | BN3: =BM3+BL3+BK3+BJ3+BI3+BH3+BG3+BF3+BE3+BD3+BC3+BB3+BA3+AZ3+AY3+AX3+AW3+AV3+AU3+AT3+AS3+AR3+AQ3+AP3+AO3+AN3+AM3+AL3+AK3+AJ3+AI3+AH3+AG3+AF3+AE3+AD3+AC3+AB3+AA3+Z3+Y3+X3+W3+V3+U3+T3+S3+R3+Q3+P3+O3+N3+M3+L3+K3+J3+I3+H3+G3+F3+E3+D3+C3 -> 0
A4: A1.1812 | B4: PA6 BKV60HZ.0WSS | BN4: =BM4+BL4+BK4+BJ4+BI4+BH4+BG4+BF4+BE4+BD4+BC4+BB4+BA4+AZ4+AY4+AX4+AW4+AV4+AU4+AT4+AS4+AR4+AQ4+AP4+AO4+AN4+AM4+AL4+AK4+AJ4+AI4+AH4+AG4+AF4+AE4+AD4+AC4+AB4+AA4+Z4+Y4+X4+W4+V4+U4+T4+S4+R4+Q4+P4+O4+N4+M4+L4+K4+J4+I4+H4+G4+F4+E4+D4+C4 -> 0
A5: A1.1131 | B5: PA66-FG30A104GH | BN5: =BM5+BL5+BK5+BJ5+BI5+BH5+BG5+BF5+BE5+BD5+BC5+BB5+BA5+AZ5+AY5+AX5+AW5+AV5+AU5+AT5+AS5+AR5+AQ5+AP5+AO5+AN5+AM5+AL5+AK5+AJ5+AI5+AH5+AG5+AF5+AE5+AD5+AC5+AB5+AA5+Z5+Y5+X5+W5+V5+U5+T5+S5+R5+Q5+P5+O5+N5+M5+L5+K5+J5+I5+H5+G5+F5+E5+D5+C5 -> 0
A6: A5.4332 | B6: PA66 101LNC010 | BN6: =BM6+BL6+BK6+BJ6+BI6+BH6+BG6+BF6+BE6+BD6+BC6+BB6+BA6+AZ6+AY6+AX6+AW6+AV6+AU6+AT6+AS6+AR6+AQ6+AP6+AO6+AN6+AM6+AL6+AK6+AJ6+AI6+AH6+AG6+AF6+AE6+AD6+AC6+AB6+AA6+Z6+Y6+X6+W6+V6+U6+T6+S6+R6+Q6+P6+O6+N6+M6+L6+K6+J6+I6+H6+G6+F6+E6+D6+C6 -> 0
A7: A1.4335 | B7: PA66 A3K NC | BN7: =BM7+BL7+BK7+BJ7+BI7+BH7+BG7+BF7+BE7+BD7+BC7+BB7+BA7+AZ7+AY7+AX7+AW7+AV7+AU7+AT7+AS7+AR7+AQ7+AP7+AO7+AN7+AM7+AL7+AK7+AJ7+AI7+AH7+AG7+AF7+AE7+AD7+AC7+AB7+AA7+Z7+Y7+X7+W7+V7+U7+T7+S7+R7+Q7+P7+O7+N7+M7+L7+K7+J7+I7+H7+G7+F7+E7+D7+C7 -> 0
A8: A1.4338 | B8: PA66 C200 BK121 | BM8: 2000 | BN8: =BM8+BL8+BK8+BJ8+BI8+BH8+BG8+BF8+BE8+BD8+BC8+BB8+BA8+AZ8+AY8+AX8+AW8+AV8+AU8+AT8+AS8+AR8+AQ8+AP8+AO8+AN8+AM8+AL8+AK8+AJ8+AI8+AH8+AG8+AF8+AE8+AD8+AC8+AB8+AA8+Z8+Y8+X8+W8+V8+U8+T8+S8+R8+Q8+P8+O8+N8+M8+L8+K8+J8+I8+H8+G8+F8+E8+D8+C8 -> 2000
A9: A1.4354 | B9: PA66GF30AKROM117 | BN9: =BM9+BL9+BK9+BJ9+BI9+BH9+BG9+BF9+BE9+BD9+BC9+BB9+BA9+AZ9+AY9+AX9+AW9+AV9+AU9+AT9+AS9+AR9+AQ9+AP9+AO9+AN9+AM9+AL9+AK9+AJ9+AI9+AH9+AG9+AF9+AE9+AD9+AC9+AB9+AA9+Z9+Y9+X9+W9+V9+U9+T9+S9+R9+Q9+P9+O9+N9+M9+L9+K9+J9+I9+H9+G9+F9+E9+D9+C9 -> 0
A10: A1.4377 | B10: PA6 ALCOM GF10 | L10: 1600 | BM10: 1600 | BN10: =BM10+BL10+BK10+BJ10+BI10+BH10+BG10+BF10+BE10+BD10+BC10+BB10+BA10+AZ10+AY10+AX10+AW10+AV10+AU10+AT10+AS10+AR10+AQ10+AP10+AO10+AN10+AM10+AL10+AK10+AJ10+AI10+AH10+AG10+AF10+AE10+AD10+AC10+AB10+AA10+Z10+Y10+X10+W10+V10+U10+T10+S10+R10+Q10+P10+O10+N10+M10+L10+K10+J10+I10+H10+G10+F10+E10+D10+C10 -> 3200
A11: A1.4404 | B11: PBTGFH | BN11: =BM11+BL11+BK11+BJ11+BI11+BH11+BG11+BF11+BE11+BD11+BC11+BB11+BA11+AZ11+AY11+AX11+AW11+AV11+AU11+AT11+AS11+AR11+AQ11+AP11+AO11+AN11+AM11+AL11+AK11+AJ11+AI11+AH11+AG11+AF11+AE11+AD11+AC11+AB11+AA11+Z11+Y11+X11+W11+V11+U11+T11+S11+R11+Q11+P11+O11+N11+M11+L11+K11+J11+I11+H11+G11+F11+E11+D11+C11 -> 0
A12: A1.4425 | B12: PBTPETGF15DSP8T | N12: 200 | BN12: =BM12+BL12+BK12+BJ12+BI12+BH12+BG12+BF12+BE12+BD12+BC12+BB12+BA12+AZ12+AY12+AX12+AW12+AV12+AU12+AT12+AS12+AR12+AQ12+AP12+AO12+AN12+AM12+AL12+AK12+AJ12+AI12+AH12+AG12+AF12+AE12+AD12+AC12+AB12+AA12+Z12+Y12+X12+W12+V12+U12+T12+S12+R12+Q12+P12+O12+N12+M12+L12+K12+J12+I12+H12+G12+F12+E12+D12+C12 -> 200
A13: A1.5108 | B13: POM3807 | BN13: =BM13+BL13+BK13+BJ13+BI13+BH13+BG13+BF13+BE13+BD13+BC13+BB13+BA13+AZ13+AY13+AX13+AW13+AV13+AU13+AT13+AS13+AR13+AQ13+AP13+AO13+AN13+AM13+AL13+AK13+AJ13+AI13+AH13+AG13+AF13+AE13+AD13+AC13+AB13+AA13+Z13+Y13+X13+W13+V13+U13+T13+S13+R13+Q13+P13+O13+N13+M13+L13+K13+J13+I13+H13+G13+F13+E13+D13+C13 -> 0
A14: A1.5227 | B14: TPO CPREPND TD20 | BN14: =BM14+BL14+BK14+BJ14+BI14+BH14+BG14+BF14+BE14+BD14+BC14+BB14+BA14+AZ14+AY14+AX14+AW14+AV14+AU14+AT14+AS14+AR14+AQ14+AP14+AO14+AN14+AM14+AL14+AK14+AJ14+AI14+AH14+AG14+AF14+AE14+AD14+AC14+AB14+AA14+Z14+Y14+X14+W14+V14+U14+T14+S14+R14+Q14+P14+O14+N14+M14+L14+K14+J14+I14+H14+G14+F14+E14+D14+C14 -> 0
A15: A1.5230 | B15: PPC3122F-M117 | G15: 400 | BN15: =BM15+BL15+BK15+BJ15+BI15+BH15+BG15+BF15+BE15+BD15+BC15+BB15+BA15+AZ15+AY15+AX15+AW15+AV15+AU15+AT15+AS15+AR15+AQ15+AP15+AO15+AN15+AM15+AL15+AK15+AJ15+AI15+AH15+AG15+AF15+AE15+AD15+AC15+AB15+AA15+Z15+Y15+X15+W15+V15+U15+T15+S15+R15+Q15+P15+O15+N15+M15+L15+K15+J15+I15+H15+G15+F15+E15+D15+C15 -> 400
A16: A1.5231 | B16: PPC3322T | BN16: =BM16+BL16+BK16+BJ16+BI16+BH16+BG16+BF16+BE16+BD16+BC16+BB16+BA16+AZ16+AY16+AX16+AW16+AV16+AU16+AT16+AS16+AR16+AQ16+AP16+AO16+AN16+AM16+AL16+AK16+AJ16+AI16+AH16+AG16+AF16+AE16+AD16+AC16+AB16+AA16+Z16+Y16+X16+W16+V16+U16+T16+S16+R16+Q16+P16+O16+N16+M16+L16+K16+J16+I16+H16+G16+F16+E16+D16+C16 -> 0
A17: A1.5232 | B17: PPC3322T -M125(JM8) | I17: 1000 | M17: 1000 | BM17: -300 | BN17: =BM17+BL17+BK17+BJ17+BI17+BH17+BG17+BF17+BE17+BD17+BC17+BB17+BA17+AZ17+AY17+AX17+AW17+AV17+AU17+AT17+AS17+AR17+AQ17+AP17+AO17+AN17+AM17+AL17+AK17+AJ17+AI17+AH17+AG17+AF17+AE17+AD17+AC17+AB17+AA17+Z17+Y17+X17+W17+V17+U17+T17+S17+R17+Q17+P17+O17+N17+M17+L17+K17+J17+I17+H17+G17+F17+E17+D17+C17 -> 1700
A18: A1.5260 | B18: PP +EPDM+T20EG299 | BN18: =BM18+BL18+BK18+BJ18+BI18+BH18+BG18+BF18+BE18+BD18+BC18+BB18+BA18+AZ18+AY18+AX18+AW18+AV18+AU18+AT18+AS18+AR18+AQ18+AP18+AO18+AN18+AM18+AL18+AK18+AJ18+AI18+AH18+AG18+AF18+AE18+AD18+AC18+AB18+AA18+Z18+Y18+X18+W18+V18+U18+T18+S18+R18+Q18+P18+O18+N18+M18+L18+K18+J18+I18+H18+G18+F18+E18+D18+C18 -> 0
A19: A1.5264 | B19: PPERC161NCN15926 | BN19: =BM19+BL19+BK19+BJ19+BI19+BH19+BG19+BF19+BE19+BD19+BC19+BB19+BA19+AZ19+AY19+AX19+AW19+AV19+AU19+AT19+AS19+AR19+AQ19+AP19+AO19+AN19+AM19+AL19+AK19+AJ19+AI19+AH19+AG19+AF19+AE19+AD19+AC19+AB19+AA19+Z19+Y19+X19+W19+V19+U19+T19+S19+R19+Q19+P19+O19+N19+M19+L19+K19+J19+I19+H19+G19+F19+E19+D19+C19 -> 0
A20: A1.5313 | B20: PPGF30 HSBK011 | F20: 1000 | N20: 500 | BN20: =BM20+BL20+BK20+BJ20+BI20+BH20+BG20+BF20+BE20+BD20+BC20+BB20+BA20+AZ20+AY20+AX20+AW20+AV20+AU20+AT20+AS20+AR20+AQ20+AP20+AO20+AN20+AM20+AL20+AK20+AJ20+AI20+AH20+AG20+AF20+AE20+AD20+AC20+AB20+AA20+Z20+Y20+X20+W20+V20+U20+T20+S20+R20+Q20+P20+O20+N20+M20+L20+K20+J20+I20+H20+G20+F20+E20+D20+C20 -> 1500
A21: A1.5157 | B21: POM M9044 | BN21: =BM21+BL21+BK21+BJ21+BI21+BH21+BG21+BF21+BE21+BD21+BC21+BB21+BA21+AZ21+AY21+AX21+AW21+AV21+AU21+AT21+AS21+AR21+AQ21+AP21+AO21+AN21+AM21+AL21+AK21+AJ21+AI21+AH21+AG21+AF21+AE21+AD21+AC21+AB21+AA21+Z21+Y21+X21+W21+V21+U21+T21+S21+R21+Q21+P21+O21+N21+M21+L21+K21+J21+I21+H21+G21+F21+E21+D21+C21 -> 0
A22: A1.5193 | B22: PP A422 GM304C | BN22: =BM22+BL22+BK22+BJ22+BI22+BH22+BG22+BF22+BE22+BD22+BC22+BB22+BA22+AZ22+AY22+AX22+AW22+AV22+AU22+AT22+AS22+AR22+AQ22+AP22+AO22+AN22+AM22+AL22+AK22+AJ22+AI22+AH22+AG22+AF22+AE22+AD22+AC22+AB22+AA22+Z22+Y22+X22+W22+V22+U22+T22+S22+R22+Q22+P22+O22+N22+M22+L22+K22+J22+I22+H22+G22+F22+E22+D22+C22 -> 0
A23: A1.5195 | B23: PP A422L630 | C23: 1550 | BN23: =BM23+BL23+BK23+BJ23+BI23+BH23+BG23+BF23+BE23+BD23+BC23+BB23+BA23+AZ23+AY23+AX23+AW23+AV23+AU23+AT23+AS23+AR23+AQ23+AP23+AO23+AN23+AM23+AL23+AK23+AJ23+AI23+AH23+AG23+AF23+AE23+AD23+AC23+AB23+AA23+Z23+Y23+X23+W23+V23+U23+T23+S23+R23+Q23+P23+O23+N23+M23+L23+K23+J23+I23+H23+G23+F23+E23+D23+C23 -> 1550
A24: A1.5228 | B24: PP C332EF M12FCB | BN24: =BM24+BL24+BK24+BJ24+BI24+BH24+BG24+BF24+BE24+BD24+BC24+BB24+BA24+AZ24+AY24+AX24+AW24+AV24+AU24+AT24+AS24+AR24+AQ24+AP24+AO24+AN24+AM24+AL24+AK24+AJ24+AI24+AH24+AG24+AF24+AE24+AD24+AC24+AB24+AA24+Z24+Y24+X24+W24+V24+U24+T24+S24+R24+Q24+P24+O24+N24+M24+L24+K24+J24+I24+H24+G24+F24+E24+D24+C24 -> 0
A25: A1.5233 | B25: PP C33207 M12F | BN25: =BM25+BL25+BK25+BJ25+BI25+BH25+BG25+BF25+BE25+BD25+BC25+BB25+BA25+AZ25+AY25+AX25+AW25+AV25+AU25+AT25+AS25+AR25+AQ25+AP25+AO25+AN25+AM25+AL25+AK25+AJ25+AI25+AH25+AG25+AF25+AE25+AD25+AC25+AB25+AA25+Z25+Y25+X25+W25+V25+U25+T25+S25+R25+Q25+P25+O25+N25+M25+L25+K25+J25+I25+H25+G25+F25+E25+D25+C25 -> 0
A26: A1.5236 | B26: PP C654OL-638B | E26: 125 | J26: 300 | N26: 1200 | BN26: =BM26+BL26+BK26+BJ26+BI26+BH26+BG26+BF26+BE26+BD26+BC26+BB26+BA26+AZ26+AY26+AX26+AW26+AV26+AU26+AT26+AS26+AR26+AQ26+AP26+AO26+AN26+AM26+AL26+AK26+AJ26+AI26+AH26+AG26+AF26+AE26+AD26+AC26+AB26+AA26+Z26+Y26+X26+W26+V26+U26+T26+S26+R26+Q26+P26+O26+N26+M26+L26+K26+J26+I26+H26+G26+F26+E26+D26+C26 -> 1625
A27: A1.5326 | B27: PP H1407R | M27: 500 | BN27: =BM27+BL27+BK27+BJ27+BI27+BH27+BG27+BF27+BE27+BD27+BC27+BB27+BA27+AZ27+AY27+AX27+AW27+AV27+AU27+AT27+AS27+AR27+AQ27+AP27+AO27+AN27+AM27+AL27+AK27+AJ27+AI27+AH27+AG27+AF27+AE27+AD27+AC27+AB27+AA27+Z27+Y27+X27+W27+V27+U27+T27+S27+R27+Q27+P27+O27+N27+M27+L27+K27+J27+I27+H27+G27+F27+E27+D27+C27 -> 500
A28: A1.5328 | B28: PP11FX TYC1152PBK | BN28: =BM28+BL28+BK28+BJ28+BI28+BH28+BG28+BF28+BE28+BD28+BC28+BB28+BA28+AZ28+AY28+AX28+AW28+AV28+AU28+AT28+AS28+AR28+AQ28+AP28+AO28+AN28+AM28+AL28+AK28+AJ28+AI28+AH28+AG28+AF28+AE28+AD28+AC28+AB28+AA28+Z28+Y28+X28+W28+V28+U28+T28+S28+R28+Q28+P28+O28+N28+M28+L28+K28+J28+I28+H28+G28+F28+E28+D28+C28 -> 0
A29: A1.5345 | B29: PP MD20 ECO | BN29: =BM29+BL29+BK29+BJ29+BI29+BH29+BG29+BF29+BE29+BD29+BC29+BB29+BA29+AZ29+AY29+AX29+AW29+AV29+AU29+AT29+AS29+AR29+AQ29+AP29+AO29+AN29+AM29+AL29+AK29+AJ29+AI29+AH29+AG29+AF29+AE29+AD29+AC29+AB29+AA29+Z29+Y29+X29+W29+V29+U29+T29+S29+R29+Q29+P29+O29+N29+M29+L29+K29+J29+I29+H29+G29+F29+E29+D29+C29 -> 0
A30: A1.5357 | BN30: =BM30+BL30+BK30+BJ30+BI30+BH30+BG30+BF30+BE30+BD30+BC30+BB30+BA30+AZ30+AY30+AX30+AW30+AV30+AU30+AT30+AS30+AR30+AQ30+AP30+AO30+AN30+AM30+AL30+AK30+AJ30+AI30+AH30+AG30+AF30+AE30+AD30+AC30+AB30+AA30+Z30+Y30+X30+W30+V30+U30+T30+S30+R30+Q30+P30+O30+N30+M30+L30+K30+J30+I30+H30+G30+F30+E30+D30+C30 -> 0
A31: A1.5358 | B31: PP-T20A5132T(JM8) | F31: 1000 | M31: 1000 | BN31: =BM31+BL31+BK31+BJ31+BI31+BH31+BG31+BF31+BE31+BD31+BC31+BB31+BA31+AZ31+AY31+AX31+AW31+AV31+AU31+AT31+AS31+AR31+AQ31+AP31+AO31+AN31+AM31+AL31+AK31+AJ31+AI31+AH31+AG31+AF31+AE31+AD31+AC31+AB31+AA31+Z31+Y31+X31+W31+V31+U31+T31+S31+R31+Q31+P31+O31+N31+M31+L31+K31+J31+I31+H31+G31+F31+E31+D31+C31 -> 2000
A32: A1.5380 | B32: PP TD17 BMV214W | K32: 1000 | BN32: =BM32+BL32+BK32+BJ32+BI32+BH32+BG32+BF32+BE32+BD32+BC32+BB32+BA32+AZ32+AY32+AX32+AW32+AV32+AU32+AT32+AS32+AR32+AQ32+AP32+AO32+AN32+AM32+AL32+AK32+AJ32+AI32+AH32+AG32+AF32+AE32+AD32+AC32+AB32+AA32+Z32+Y32+X32+W32+V32+U32+T32+S32+R32+Q32+P32+O32+N32+M32+L32+K32+J32+I32+H32+G32+F32+E32+D32+C32 -> 1000
A33: A1.5386 | B33: PPTYC 852P | BN33: =BM33+BL33+BK33+BJ33+BI33+BH33+BG33+BF33+BE33+BD33+BC33+BB33+BA33+AZ33+AY33+AX33+AW33+AV33+AU33+AT33+AS33+AR33+AQ33+AP33+AO33+AN33+AM33+AL33+AK33+AJ33+AI33+AH33+AG33+AF33+AE33+AD33+AC33+AB33+AA33+Z33+Y33+X33+W33+V33+U33+T33+S33+R33+Q33+P33+O33+N33+M33+L33+K33+J33+I33+H33+G33+F33+E33+D33+C33 -> 0
A34: A1.5388 | B34: PP/EPD121 | BN34: =BM34+BL34+BK34+BJ34+BI34+BH34+BG34+BF34+BE34+BD34+BC34+BB34+BA34+AZ34+AY34+AX34+AW34+AV34+AU34+AT34+AS34+AR34+AQ34+AP34+AO34+AN34+AM34+AL34+AK34+AJ34+AI34+AH34+AG34+AF34+AE34+AD34+AC34+AB34+AA34+Z34+Y34+X34+W34+V34+U34+T34+S34+R34+Q34+P34+O34+N34+M34+L34+K34+J34+I34+H34+G34+F34+E34+D34+C34 -> 0
A35: A1.5420 | B35: PP+EPPM+T20 | BN35: =BM35+BL35+BK35+BJ35+BI35+BH35+BG35+BF35+BE35+BD35+BC35+BB35+BA35+AZ35+AY35+AX35+AW35+AV35+AU35+AT35+AS35+AR35+AQ35+AP35+AO35+AN35+AM35+AL35+AK35+AJ35+AI35+AH35+AG35+AF35+AE35+AD35+AC35+AB35+AA35+Z35+Y35+X35+W35+V35+U35+T35+S35+R35+Q35+P35+O35+N35+M35+L35+K35+J35+I35+H35+G35+F35+E35+D35+C35 -> 0
A36: A1.5422 | B36: PP+EPPM+TD20 | BN36: =BM36+BL36+BK36+BJ36+BI36+BH36+BG36+BF36+BE36+BD36+BC36+BB36+BA36+AZ36+AY36+AX36+AW36+AV36+AU36+AT36+AS36+AR36+AQ36+AP36+AO36+AN36+AM36+AL36+AK36+AJ36+AI36+AH36+AG36+AF36+AE36+AD36+AC36+AB36+AA36+Z36+Y36+X36+W36+V36+U36+T36+S36+R36+Q36+P36+O36+N36+M36+L36+K36+J36+I36+H36+G36+F36+E36+D36+C36 -> 0
A37: A1.4166 | B37: ABS HH106 | K37: 160 | BN37: =BM37+BL37+BK37+BJ37+BI37+BH37+BG37+BF37+BE37+BD37+BC37+BB37+BA37+AZ37+AY37+AX37+AW37+AV37+AU37+AT37+AS37+AR37+AQ37+AP37+AO37+AN37+AM37+AL37+AK37+AJ37+AI37+AH37+AG37+AF37+AE37+AD37+AC37+AB37+AA37+Z37+Y37+X37+W37+V37+U37+T37+S37+R37+Q37+P37+O37+N37+M37+L37+K37+J37+I37+H37+G37+F37+E37+D37+C37 -> 160
A38: A1.5413 | B38: PP+EPDM+HTTD020 | I38: 1000 | BM38: 1000 | BN38: =BM38+BL38+BK38+BJ38+BI38+BH38+BG38+BF38+BE38+BD38+BC38+BB38+BA38+AZ38+AY38+AX38+AW38+AV38+AU38+AT38+AS38+AR38+AQ38+AP38+AO38+AN38+AM38+AL38+AK38+AJ38+AI38+AH38+AG38+AF38+AE38+AD38+AC38+AB38+AA38+Z38+Y38+X38+W38+V38+U38+T38+S38+R38+Q38+P38+O38+N38+M38+L38+K38+J38+I38+H38+G38+F38+E38+D38+C38 -> 2000
A39: A1.5493 | B39: TEO-3000-60A黑 | BM39: 100 | BN39: =BM39+BL39+BK39+BJ39+BI39+BH39+BG39+BF39+BE39+BD39+BC39+BB39+BA39+AZ39+AY39+AX39+AW39+AV39+AU39+AT39+AS39+AR39+AQ39+AP39+AO39+AN39+AM39+AL39+AK39+AJ39+AI39+AH39+AG39+AF39+AE39+AD39+AC39+AB39+AA39+Z39+Y39+X39+W39+V39+U39+T39+S39+R39+Q39+P39+O39+N39+M39+L39+K39+J39+I39+H39+G39+F39+E39+D39+C39 -> 100
A40: A1.5511 | B40: TPE AT7210-70 | M40: 500 | BN40: =BM40+BL40+BK40+BJ40+BI40+BH40+BG40+BF40+BE40+BD40+BC40+BB40+BA40+AZ40+AY40+AX40+AW40+AV40+AU40+AT40+AS40+AR40+AQ40+AP40+AO40+AN40+AM40+AL40+AK40+AJ40+AI40+AH40+AG40+AF40+AE40+AD40+AC40+AB40+AA40+Z40+Y40+X40+W40+V40+U40+T40+S40+R40+Q40+P40+O40+N40+M40+L40+K40+J40+I40+H40+G40+F40+E40+D40+C40 -> 500
A41: A1.5779 | B41: PP-T6326A15 | BN41: =BM41+BL41+BK41+BJ41+BI41+BH41+BG41+BF41+BE41+BD41+BC41+BB41+BA41+AZ41+AY41+AX41+AW41+AV41+AU41+AT41+AS41+AR41+AQ41+AP41+AO41+AN41+AM41+AL41+AK41+AJ41+AI41+AH41+AG41+AF41+AE41+AD41+AC41+AB41+AA41+Z41+Y41+X41+W41+V41+U41+T41+S41+R41+Q41+P41+O41+N41+M41+L41+K41+J41+I41+H41+G41+F41+E41+D41+C41 -> 0
A42: A1.4513 | B42: PA6-MG30 HSBK006 | BN42: =BM42+BL42+BK42+BJ42+BI42+BH42+BG42+BF42+BE42+BD42+BC42+BB42+BA42+AZ42+AY42+AX42+AW42+AV42+AU42+AT42+AS42+AR42+AQ42+AP42+AO42+AN42+AM42+AL42+AK42+AJ42+AI42+AH42+AG42+AF42+AE42+AD42+AC42+AB42+AA42+Z42+Y42+X42+W42+V42+U42+T42+S42+R42+Q42+P42+O42+N42+M42+L42+K42+J42+I42+H42+G42+F42+E42+D42+C42 -> 0
A43: A1.4681 | B43: PC/ABS CB2340 | C43: 1000 | N43: 1000 | BN43: =BM43+BL43+BK43+BJ43+BI43+BH43+BG43+BF43+BE43+BD43+BC43+BB43+BA43+AZ43+AY43+AX43+AW43+AV43+AU43+AT43+AS43+AR43+AQ43+AP43+AO43+AN43+AM43+AL43+AK43+AJ43+AI43+AH43+AG43+AF43+AE43+AD43+AC43+AB43+AA43+Z43+Y43+X43+W43+V43+U43+T43+S43+R43+Q43+P43+O43+N43+M43+L43+K43+J43+I43+H43+G43+F43+E43+D43+C43 -> 2000
A44: A1.5311 | B44: GFPP-30 FRBK101 | BN44: =BM44+BL44+BK44+BJ44+BI44+BH44+BG44+BF44+BE44+BD44+BC44+BB44+BA44+AZ44+AY44+AX44+AW44+AV44+AU44+AT44+AS44+AR44+AQ44+AP44+AO44+AN44+AM44+AL44+AK44+AJ44+AI44+AH44+AG44+AF44+AE44+AD44+AC44+AB44+AA44+Z44+Y44+X44+W44+V44+U44+T44+S44+R44+Q44+P44+O44+N44+M44+L44+K44+J44+I44+H44+G44+F44+E44+D44+C44 -> 0
A45: A1.4214 | B45: APO 0816 JA6 BK | BN45: =BM45+BL45+BK45+BJ45+BI45+BH45+BG45+BF45+BE45+BD45+BC45+BB45+BA45+AZ45+AY45+AX45+AW45+AV45+AU45+AT45+AS45+AR45+AQ45+AP45+AO45+AN45+AM45+AL45+AK45+AJ45+AI45+AH45+AG45+AF45+AE45+AD45+AC45+AB45+AA45+Z45+Y45+X45+W45+V45+U45+T45+S45+R45+Q45+P45+O45+N45+M45+L45+K45+J45+I45+H45+G45+F45+E45+D45+C45 -> 0
A46: A1.4216 | B46: APO-CM308 BK001 | E46: 3000 | G46: 1450 | I46: 4000 | BN46: =BM46+BL46+BK46+BJ46+BI46+BH46+BG46+BF46+BE46+BD46+BC46+BB46+BA46+AZ46+AY46+AX46+AW46+AV46+AU46+AT46+AS46+AR46+AQ46+AP46+AO46+AN46+AM46+AL46+AK46+AJ46+AI46+AH46+AG46+AF46+AE46+AD46+AC46+AB46+AA46+Z46+Y46+X46+W46+V46+U46+T46+S46+R46+Q46+P46+O46+N46+M46+L46+K46+J46+I46+H46+G46+F46+E46+D46+C46 -> 8450
A47: A1.4217 | B47: APO-CM308 WHZJE | BN47: =BM47+BL47+BK47+BJ47+BI47+BH47+BG47+BF47+BE47+BD47+BC47+BB47+BA47+AZ47+AY47+AX47+AW47+AV47+AU47+AT47+AS47+AR47+AQ47+AP47+AO47+AN47+AM47+AL47+AK47+AJ47+AI47+AH47+AG47+AF47+AE47+AD47+AC47+AB47+AA47+Z47+Y47+X47+W47+V47+U47+T47+S47+R47+Q47+P47+O47+N47+M47+L47+K47+J47+I47+H47+G47+F47+E47+D47+C47 -> 0
A48: A1.4219 | B48: ASA 777K | BN48: =BM48+BL48+BK48+BJ48+BI48+BH48+BG48+BF48+BE48+BD48+BC48+BB48+BA48+AZ48+AY48+AX48+AW48+AV48+AU48+AT48+AS48+AR48+AQ48+AP48+AO48+AN48+AM48+AL48+AK48+AJ48+AI48+AH48+AG48+AF48+AE48+AD48+AC48+AB48+AA48+Z48+Y48+X48+W48+V48+U48+T48+S48+R48+Q48+P48+O48+N48+M48+L48+K48+J48+I48+H48+G48+F48+E48+D48+C48 -> 0
A49: A1.4299 | B49: PA6BKV60H21090016 | L49: 1000 | BN49: =BM49+BL49+BK49+BJ49+BI49+BH49+BG49+BF49+BE49+BD49+BC49+BB49+BA49+AZ49+AY49+AX49+AW49+AV49+AU49+AT49+AS49+AR49+AQ49+AP49+AO49+AN49+AM49+AL49+AK49+AJ49+AI49+AH49+AG49+AF49+AE49+AD49+AC49+AB49+AA49+Z49+Y49+X49+W49+V49+U49+T49+S49+R49+Q49+P49+O49+N49+M49+L49+K49+J49+I49+H49+G49+F49+E49+D49+C49 -> 1000
A50: A1.4317 | B50: PA6-MG30 HSBK006 | E50: 1000 | K50: 1000 | BN50: =BM50+BL50+BK50+BJ50+BI50+BH50+BG50+BF50+BE50+BD50+BC50+BB50+BA50+AZ50+AY50+AX50+AW50+AV50+AU50+AT50+AS50+AR50+AQ50+AP50+AO50+AN50+AM50+AL50+AK50+AJ50+AI50+AH50+AG50+AF50+AE50+AD50+AC50+AB50+AA50+Z50+Y50+X50+W50+V50+U50+T50+S50+R50+Q50+P50+O50+N50+M50+L50+K50+J50+I50+H50+G50+F50+E50+D50+C50 -> 2000
A51: A1.1530/4214 | B51: APO 0816 JA6 BK | BN51: =BM51+BL51+BK51+BJ51+BI51+BH51+BG51+BF51+BE51+BD51+BC51+BB51+BA51+AZ51+AY51+AX51+AW51+AV51+AU51+AT51+AS51+AR51+AQ51+AP51+AO51+AN51+AM51+AL51+AK51+AJ51+AI51+AH51+AG51+AF51+AE51+AD51+AC51+AB51+AA51+Z51+Y51+X51+W51+V51+U51+T51+S51+R51+Q51+P51+O51+N51+M51+L51+K51+J51+I51+H51+G51+F51+E51+D51+C51 -> 0
A52: A1.0329/4679 | B52: PC/ABS CB2340 | BN52: =BM52+BL52+BK52+BJ52+BI52+BH52+BG52+BF52+BE52+BD52+BC52+BB52+BA52+AZ52+AY52+AX52+AW52+AV52+AU52+AT52+AS52+AR52+AQ52+AP52+AO52+AN52+AM52+AL52+AK52+AJ52+AI52+AH52+AG52+AF52+AE52+AD52+AC52+AB52+AA52+Z52+Y52+X52+W52+V52+U52+T52+S52+R52+Q52+P52+O52+N52+M52+L52+K52+J52+I52+H52+G52+F52+E52+D52+C52 -> 0
A53: A1.5777 | B53: 耐磨块色母 | BN53: =BM53+BL53+BK53+BJ53+BI53+BH53+BG53+BF53+BE53+BD53+BC53+BB53+BA53+AZ53+AY53+AX53+AW53+AV53+AU53+AT53+AS53+AR53+AQ53+AP53+AO53+AN53+AM53+AL53+AK53+AJ53+AI53+AH53+AG53+AF53+AE53+AD53+AC53+AB53+AA53+Z53+Y53+X53+W53+V53+U53+T53+S53+R53+Q53+P53+O53+N53+M53+L53+K53+J53+I53+H53+G53+F53+E53+D53+C53 -> 0
A54: A1.5957 | B54: PP糖色 | K54: 550 | BN54: =BM54+BL54+BK54+BJ54+BI54+BH54+BG54+BF54+BE54+BD54+BC54+BB54+BA54+AZ54+AY54+AX54+AW54+AV54+AU54+AT54+AS54+AR54+AQ54+AP54+AO54+AN54+AM54+AL54+AK54+AJ54+AI54+AH54+AG54+AF54+AE54+AD54+AC54+AB54+AA54+Z54+Y54+X54+W54+V54+U54+T54+S54+R54+Q54+P54+O54+N54+M54+L54+K54+J54+I54+H54+G54+F54+E54+D54+C54 -> 550
A55: A1.5985 | B55: ABS/345OF-HH378L | BN55: =BM55+BL55+BK55+BJ55+BI55+BH55+BG55+BF55+BE55+BD55+BC55+BB55+BA55+AZ55+AY55+AX55+AW55+AV55+AU55+AT55+AS55+AR55+AQ55+AP55+AO55+AN55+AM55+AL55+AK55+AJ55+AI55+AH55+AG55+AF55+AE55+AD55+AC55+AB55+AA55+Z55+Y55+X55+W55+V55+U55+T55+S55+R55+Q55+P55+O55+N55+M55+L55+K55+J55+I55+H55+G55+F55+E55+D55+C55 -> 0
A56: A5.4066 | B56: ABS EF378L | BN56: =BM56+BL56+BK56+BJ56+BI56+BH56+BG56+BF56+BE56+BD56+BC56+BB56+BA56+AZ56+AY56+AX56+AW56+AV56+AU56+AT56+AS56+AR56+AQ56+AP56+AO56+AN56+AM56+AL56+AK56+AJ56+AI56+AH56+AG56+AF56+AE56+AD56+AC56+AB56+AA56+Z56+Y56+X56+W56+V56+U56+T56+S56+R56+Q56+P56+O56+N56+M56+L56+K56+J56+I56+H56+G56+F56+E56+D56+C56 -> 0
A57: A5.4116 | B57: ABS HF380 8H408 | BN57: =BM57+BL57+BK57+BJ57+BI57+BH57+BG57+BF57+BE57+BD57+BC57+BB57+BA57+AZ57+AY57+AX57+AW57+AV57+AU57+AT57+AS57+AR57+AQ57+AP57+AO57+AN57+AM57+AL57+AK57+AJ57+AI57+AH57+AG57+AF57+AE57+AD57+AC57+AB57+AA57+Z57+Y57+X57+W57+V57+U57+T57+S57+R57+Q57+P57+O57+N57+M57+L57+K57+J57+I57+H57+G57+F57+E57+D57+C57 -> 0
A58: A5.4145 | B58: ABS NH0700FX | BN58: =BM58+BL58+BK58+BJ58+BI58+BH58+BG58+BF58+BE58+BD58+BC58+BB58+BA58+AZ58+AY58+AX58+AW58+AV58+AU58+AT58+AS58+AR58+AQ58+AP58+AO58+AN58+AM58+AL58+AK58+AJ58+AI58+AH58+AG58+AF58+AE58+AD58+AC58+AB58+AA58+Z58+Y58+X58+W58+V58+U58+T58+S58+R58+Q58+P58+O58+N58+M58+L58+K58+J58+I58+H58+G58+F58+E58+D58+C58 -> 0
A59: A5.4150 | B59: ABS NH0700FX | BN59: =BM59+BL59+BK59+BJ59+BI59+BH59+BG59+BF59+BE59+BD59+BC59+BB59+BA59+AZ59+AY59+AX59+AW59+AV59+AU59+AT59+AS59+AR59+AQ59+AP59+AO59+AN59+AM59+AL59+AK59+AJ59+AI59+AH59+AG59+AF59+AE59+AD59+AC59+AB59+AA59+Z59+Y59+X59+W59+V59+U59+T59+S59+R59+Q59+P59+O59+N59+M59+L59+K59+J59+I59+H59+G59+F59+E59+D59+C59 -> 0
A60: A5.4190 | B60: ABS EFJ31-450 | BN60: =BM60+BL60+BK60+BJ60+BI60+BH60+BG60+BF60+BE60+BD60+BC60+BB60+BA60+AZ60+AY60+AX60+AW60+AV60+AU60+AT60+AS60+AR60+AQ60+AP60+AO60+AN60+AM60+AL60+AK60+AJ60+AI60+AH60+AG60+AF60+AE60+AD60+AC60+AB60+AA60+Z60+Y60+X60+W60+V60+U60+T60+S60+R60+Q60+P60+O60+N60+M60+L60+K60+J60+I60+H60+G60+F60+E60+D60+C60 -> 0
A61: A5.4202 | B61: ABS J5 139712-2 | BN61: =BM61+BL61+BK61+BJ61+BI61+BH61+BG61+BF61+BE61+BD61+BC61+BB61+BA61+AZ61+AY61+AX61+AW61+AV61+AU61+AT61+AS61+AR61+AQ61+AP61+AO61+AN61+AM61+AL61+AK61+AJ61+AI61+AH61+AG61+AF61+AE61+AD61+AC61+AB61+AA61+Z61+Y61+X61+W61+V61+U61+T61+S61+R61+Q61+P61+O61+N61+M61+L61+K61+J61+I61+H61+G61+F61+E61+D61+C61 -> 0
A62: A5.4619 | B62: PC MN3600H CM052H | BN62: =BM62+BL62+BK62+BJ62+BI62+BH62+BG62+BF62+BE62+BD62+BC62+BB62+BA62+AZ62+AY62+AX62+AW62+AV62+AU62+AT62+AS62+AR62+AQ62+AP62+AO62+AN62+AM62+AL62+AK62+AJ62+AI62+AH62+AG62+AF62+AE62+AD62+AC62+AB62+AA62+Z62+Y62+X62+W62+V62+U62+T62+S62+R62+Q62+P62+O62+N62+M62+L62+K62+J62+I62+H62+G62+F62+E62+D62+C62 -> 0
A63: A5.4620 | B63: PC MN3600H | BN63: =BM63+BL63+BK63+BJ63+BI63+BH63+BG63+BF63+BE63+BD63+BC63+BB63+BA63+AZ63+AY63+AX63+AW63+AV63+AU63+AT63+AS63+AR63+AQ63+AP63+AO63+AN63+AM63+AL63+AK63+AJ63+AI63+AH63+AG63+AF63+AE63+AD63+AC63+AB63+AA63+Z63+Y63+X63+W63+V63+U63+T63+S63+R63+Q63+P63+O63+N63+M63+L63+K63+J63+I63+H63+G63+F63+E63+D63+C63 -> 0
A64: A5.4679 | BN64: =BM64+BL64+BK64+BJ64+BI64+BH64+BG64+BF64+BE64+BD64+BC64+BB64+BA64+AZ64+AY64+AX64+AW64+AV64+AU64+AT64+AS64+AR64+AQ64+AP64+AO64+AN64+AM64+AL64+AK64+AJ64+AI64+AH64+AG64+AF64+AE64+AD64+AC64+AB64+AA64+Z64+Y64+X64+W64+V64+U64+T64+S64+R64+Q64+P64+O64+N64+M64+L64+K64+J64+I64+H64+G64+F64+E64+D64+C64 -> 0
A65: A5.4332 | BN65: =BM65+BL65+BK65+BJ65+BI65+BH65+BG65+BF65+BE65+BD65+BC65+BB65+BA65+AZ65+AY65+AX65+AW65+AV65+AU65+AT65+AS65+AR65+AQ65+AP65+AO65+AN65+AM65+AL65+AK65+AJ65+AI65+AH65+AG65+AF65+AE65+AD65+AC65+AB65+AA65+Z65+Y65+X65+W65+V65+U65+T65+S65+R65+Q65+P65+O65+N65+M65+L65+K65+J65+I65+H65+G65+F65+E65+D65+C65 -> 0
A66: A5.4830 | BN66: =BM66+BL66+BK66+BJ66+BI66+BH66+BG66+BF66+BE66+BD66+BC66+BB66+BA66+AZ66+AY66+AX66+AW66+AV66+AU66+AT66+AS66+AR66+AQ66+AP66+AO66+AN66+AM66+AL66+AK66+AJ66+AI66+AH66+AG66+AF66+AE66+AD66+AC66+AB66+AA66+Z66+Y66+X66+W66+V66+U66+T66+S66+R66+Q66+P66+O66+N66+M66+L66+K66+J66+I66+H66+G66+F66+E66+D66+C66 -> 0
A67: A5.5167 | B67: POM NW-02C | BN67: =BM67+BL67+BK67+BJ67+BI67+BH67+BG67+BF67+BE67+BD67+BC67+BB67+BA67+AZ67+AY67+AX67+AW67+AV67+AU67+AT67+AS67+AR67+AQ67+AP67+AO67+AN67+AM67+AL67+AK67+AJ67+AI67+AH67+AG67+AF67+AE67+AD67+AC67+AB67+AA67+Z67+Y67+X67+W67+V67+U67+T67+S67+R67+Q67+P67+O67+N67+M67+L67+K67+J67+I67+H67+G67+F67+E67+D67+C67 -> 0
A68: A5.0299 | B68: POM 188P | BN68: =BM68+BL68+BK68+BJ68+BI68+BH68+BG68+BF68+BE68+BD68+BC68+BB68+BA68+AZ68+AY68+AX68+AW68+AV68+AU68+AT68+AS68+AR68+AQ68+AP68+AO68+AN68+AM68+AL68+AK68+AJ68+AI68+AH68+AG68+AF68+AE68+AD68+AC68+AB68+AA68+Z68+Y68+X68+W68+V68+U68+T68+S68+R68+Q68+P68+O68+N68+M68+L68+K68+J68+I68+H68+G68+F68+E68+D68+C68 -> 0
A69: A5.4717 | B69: PC/ABS FR3005 | BN69: =BM69+BL69+BK69+BJ69+BI69+BH69+BG69+BF69+BE69+BD69+BC69+BB69+BA69+AZ69+AY69+AX69+AW69+AV69+AU69+AT69+AS69+AR69+AQ69+AP69+AO69+AN69+AM69+AL69+AK69+AJ69+AI69+AH69+AG69+AF69+AE69+AD69+AC69+AB69+AA69+Z69+Y69+X69+W69+V69+U69+T69+S69+R69+Q69+P69+O69+N69+M69+L69+K69+J69+I69+H69+G69+F69+E69+D69+C69 -> 0
A70: A5.5110 | B70: POM 588P BK602 | BN70: =BM70+BL70+BK70+BJ70+BI70+BH70+BG70+BF70+BE70+BD70+BC70+BB70+BA70+AZ70+AY70+AX70+AW70+AV70+AU70+AT70+AS70+AR70+AQ70+AP70+AO70+AN70+AM70+AL70+AK70+AJ70+AI70+AH70+AG70+AF70+AE70+AD70+AC70+AB70+AA70+Z70+Y70+X70+W70+V70+U70+T70+S70+R70+Q70+P70+O70+N70+M70+L70+K70+J70+I70+H70+G70+F70+E70+D70+C70 -> 0
A71: A5.5111 | B71: POM 188PGY4900 | BN71: =BM71+BL71+BK71+BJ71+BI71+BH71+BG71+BF71+BE71+BD71+BC71+BB71+BA71+AZ71+AY71+AX71+AW71+AV71+AU71+AT71+AS71+AR71+AQ71+AP71+AO71+AN71+AM71+AL71+AK71+AJ71+AI71+AH71+AG71+AF71+AE71+AD71+AC71+AB71+AA71+Z71+Y71+X71+W71+V71+U71+T71+S71+R71+Q71+P71+O71+N71+M71+L71+K71+J71+I71+H71+G71+F71+E71+D71+C71 -> 0
A72: A5.5112 | BN72: =BM72+BL72+BK72+BJ72+BI72+BH72+BG72+BF72+BE72+BD72+BC72+BB72+BA72+AZ72+AY72+AX72+AW72+AV72+AU72+AT72+AS72+AR72+AQ72+AP72+AO72+AN72+AM72+AL72+AK72+AJ72+AI72+AH72+AG72+AF72+AE72+AD72+AC72+AB72+AA72+Z72+Y72+X72+W72+V72+U72+T72+S72+R72+Q72+P72+O72+N72+M72+L72+K72+J72+I72+H72+G72+F72+E72+D72+C72 -> 0
A73: A5.5174 | B73: POM NW-01CD3501 | BN73: =BM73+BL73+BK73+BJ73+BI73+BH73+BG73+BF73+BE73+BD73+BC73+BB73+BA73+AZ73+AY73+AX73+AW73+AV73+AU73+AT73+AS73+AR73+AQ73+AP73+AO73+AN73+AM73+AL73+AK73+AJ73+AI73+AH73+AG73+AF73+AE73+AD73+AC73+AB73+AA73+Z73+Y73+X73+W73+V73+U73+T73+S73+R73+Q73+P73+O73+N73+M73+L73+K73+J73+I73+H73+G73+F73+E73+D73+C73 -> 0
A74: A1.6014 | B74: PP P20720A10-5E | BM74: 75 | BN74: =BM74+BL74+BK74+BJ74+BI74+BH74+BG74+BF74+BE74+BD74+BC74+BB74+BA74+AZ74+AY74+AX74+AW74+AV74+AU74+AT74+AS74+AR74+AQ74+AP74+AO74+AN74+AM74+AL74+AK74+AJ74+AI74+AH74+AG74+AF74+AE74+AD74+AC74+AB74+AA74+Z74+Y74+X74+W74+V74+U74+T74+S74+R74+Q74+P74+O74+N74+M74+L74+K74+J74+I74+H74+G74+F74+E74+D74+C74 -> 75
A75: Z8.237 | B75: 外协入库单 | BN75: =BM75+BL75+BK75+BJ75+BI75+BH75+BG75+BF75+BE75+BD75+BC75+BB75+BA75+AZ75+AY75+AX75+AW75+AV75+AU75+AT75+AS75+AR75+AQ75+AP75+AO75+AN75+AM75+AL75+AK75+AJ75+AI75+AH75+AG75+AF75+AE75+AD75+AC75+AB75+AA75+Z75+Y75+X75+W75+V75+U75+T75+S75+R75+Q75+P75+O75+N75+M75+L75+K75+J75+I75+H75+G75+F75+E75+D75+C75 -> 0
A76: ZP.224 | B76: 生产管理表 | BN76: =BM76+BL76+BK76+BJ76+BI76+BH76+BG76+BF76+BE76+BD76+BC76+BB76+BA76+AZ76+AY76+AX76+AW76+AV76+AU76+AT76+AS76+AR76+AQ76+AP76+AO76+AN76+AM76+AL76+AK76+AJ76+AI76+AH76+AG76+AF76+AE76+AD76+AC76+AB76+AA76+Z76+Y76+X76+W76+V76+U76+T76+S76+R76+Q76+P76+O76+N76+M76+L76+K76+J76+I76+H76+G76+F76+E76+D76+C76 -> 0
A77: ZP.221 | B77: 明细书 | BN77: =BM77+BL77+BK77+BJ77+BI77+BH77+BG77+BF77+BE77+BD77+BC77+BB77+BA77+AZ77+AY77+AX77+AW77+AV77+AU77+AT77+AS77+AR77+AQ77+AP77+AO77+AN77+AM77+AL77+AK77+AJ77+AI77+AH77+AG77+AF77+AE77+AD77+AC77+AB77+AA77+Z77+Y77+X77+W77+V77+U77+T77+S77+R77+Q77+P77+O77+N77+M77+L77+K77+J77+I77+H77+G77+F77+E77+D77+C77 -> 0
A78: F2.0380 | B78: 全检票 | BM78: 200 | BN78: =BM78+BL78+BK78+BJ78+BI78+BH78+BG78+BF78+BE78+BD78+BC78+BB78+BA78+AZ78+AY78+AX78+AW78+AV78+AU78+AT78+AS78+AR78+AQ78+AP78+AO78+AN78+AM78+AL78+AK78+AJ78+AI78+AH78+AG78+AF78+AE78+AD78+AC78+AB78+AA78+Z78+Y78+X78+W78+V78+U78+T78+S78+R78+Q78+P78+O78+N78+M78+L78+K78+J78+I78+H78+G78+F78+E78+D78+C78 -> 200
A79: Z9.268 | B79: 领料单 | BN79: =BM79+BL79+BK79+BJ79+BI79+BH79+BG79+BF79+BE79+BD79+BC79+BB79+BA79+AZ79+AY79+AX79+AW79+AV79+AU79+AT79+AS79+AR79+AQ79+AP79+AO79+AN79+AM79+AL79+AK79+AJ79+AI79+AH79+AG79+AF79+AE79+AD79+AC79+AB79+AA79+Z79+Y79+X79+W79+V79+U79+T79+S79+R79+Q79+P79+O79+N79+M79+L79+K79+J79+I79+H79+G79+F79+E79+D79+C79 -> 0
A80: ZP.173 | B80: 李尔明细书 | BN80: =BM80+BL80+BK80+BJ80+BI80+BH80+BG80+BF80+BE80+BD80+BC80+BB80+BA80+AZ80+AY80+AX80+AW80+AV80+AU80+AT80+AS80+AR80+AQ80+AP80+AO80+AN80+AM80+AL80+AK80+AJ80+AI80+AH80+AG80+AF80+AE80+AD80+AC80+AB80+AA80+Z80+Y80+X80+W80+V80+U80+T80+S80+R80+Q80+P80+O80+N80+M80+L80+K80+J80+I80+H80+G80+F80+E80+D80+C80 -> 0
A81: F1.0068 | B81: 2735072X | BN81: =BM81+BL81+BK81+BJ81+BI81+BH81+BG81+BF81+BE81+BD81+BC81+BB81+BA81+AZ81+AY81+AX81+AW81+AV81+AU81+AT81+AS81+AR81+AQ81+AP81+AO81+AN81+AM81+AL81+AK81+AJ81+AI81+AH81+AG81+AF81+AE81+AD81+AC81+AB81+AA81+Z81+Y81+X81+W81+V81+U81+T81+S81+R81+Q81+P81+O81+N81+M81+L81+K81+J81+I81+H81+G81+F81+E81+D81+C81 -> 0
A82: F1.0069 | B82: 2735073X | BN82: =BM82+BL82+BK82+BJ82+BI82+BH82+BG82+BF82+BE82+BD82+BC82+BB82+BA82+AZ82+AY82+AX82+AW82+AV82+AU82+AT82+AS82+AR82+AQ82+AP82+AO82+AN82+AM82+AL82+AK82+AJ82+AI82+AH82+AG82+AF82+AE82+AD82+AC82+AB82+AA82+Z82+Y82+X82+W82+V82+U82+T82+S82+R82+Q82+P82+O82+N82+M82+L82+K82+J82+I82+H82+G82+F82+E82+D82+C82 -> 0
A83: F1.0066 | B83: 2735070X | BN83: =BM83+BL83+BK83+BJ83+BI83+BH83+BG83+BF83+BE83+BD83+BC83+BB83+BA83+AZ83+AY83+AX83+AW83+AV83+AU83+AT83+AS83+AR83+AQ83+AP83+AO83+AN83+AM83+AL83+AK83+AJ83+AI83+AH83+AG83+AF83+AE83+AD83+AC83+AB83+AA83+Z83+Y83+X83+W83+V83+U83+T83+S83+R83+Q83+P83+O83+N83+M83+L83+K83+J83+I83+H83+G83+F83+E83+D83+C83 -> 0
A84: F1.0271 | B84: COVER贴膜 | L84: 10000 | BN84: =BM84+BL84+BK84+BJ84+BI84+BH84+BG84+BF84+BE84+BD84+BC84+BB84+BA84+AZ84+AY84+AX84+AW84+AV84+AU84+AT84+AS84+AR84+AQ84+AP84+AO84+AN84+AM84+AL84+AK84+AJ84+AI84+AH84+AG84+AF84+AE84+AD84+AC84+AB84+AA84+Z84+Y84+X84+W84+V84+U84+T84+S84+R84+Q84+P84+O84+N84+M84+L84+K84+J84+I84+H84+G84+F84+E84+D84+C84 -> 10000
A85: F1.2287 | B85: 麦拉片 | H85: 20000 | N85: 20000 | BN85: =BM85+BL85+BK85+BJ85+BI85+BH85+BG85+BF85+BE85+BD85+BC85+BB85+BA85+AZ85+AY85+AX85+AW85+AV85+AU85+AT85+AS85+AR85+AQ85+AP85+AO85+AN85+AM85+AL85+AK85+AJ85+AI85+AH85+AG85+AF85+AE85+AD85+AC85+AB85+AA85+Z85+Y85+X85+W85+V85+U85+T85+S85+R85+Q85+P85+O85+N85+M85+L85+K85+J85+I85+H85+G85+F85+E85+D85+C85 -> 40000
A86: F1.1154 | B86: W71804-5439排力螺母 | H86: 6000 | BN86: =BM86+BL86+BK86+BJ86+BI86+BH86+BG86+BF86+BE86+BD86+BC86+BB86+BA86+AZ86+AY86+AX86+AW86+AV86+AU86+AT86+AS86+AR86+AQ86+AP86+AO86+AN86+AM86+AL86+AK86+AJ86+AI86+AH86+AG86+AF86+AE86+AD86+AC86+AB86+AA86+Z86+Y86+X86+W86+V86+U86+T86+S86+R86+Q86+P86+O86+N86+M86+L86+K86+J86+I86+H86+G86+F86+E86+D86+C86 -> 6000
A87: F1.1551 | B87: 螺钉 | BM87: 6000 | BN87: =BM87+BL87+BK87+BJ87+BI87+BH87+BG87+BF87+BE87+BD87+BC87+BB87+BA87+AZ87+AY87+AX87+AW87+AV87+AU87+AT87+AS87+AR87+AQ87+AP87+AO87+AN87+AM87+AL87+AK87+AJ87+AI87+AH87+AG87+AF87+AE87+AD87+AC87+AB87+AA87+Z87+Y87+X87+W87+V87+U87+T87+S87+R87+Q87+P87+O87+N87+M87+L87+K87+J87+I87+H87+G87+F87+E87+D87+C87 -> 6000
A88: F1.1592 | B88: 毛钻 | F88: 4000 | L88: 4000 | BN88: =BM88+BL88+BK88+BJ88+BI88+BH88+BG88+BF88+BE88+BD88+BC88+BB88+BA88+AZ88+AY88+AX88+AW88+AV88+AU88+AT88+AS88+AR88+AQ88+AP88+AO88+AN88+AM88+AL88+AK88+AJ88+AI88+AH88+AG88+AF88+AE88+AD88+AC88+AB88+AA88+Z88+Y88+X88+W88+V88+U88+T88+S88+R88+Q88+P88+O88+N88+M88+L88+K88+J88+I88+H88+G88+F88+E88+D88+C88 -> 8000 | BO88: 24000
A89: F1.1328 | B89: W710609S | BN89: =BM89+BL89+BK89+BJ89+BI89+BH89+BG89+BF89+BE89+BD89+BC89+BB89+BA89+AZ89+AY89+AX89+AW89+AV89+AU89+AT89+AS89+AR89+AQ89+AP89+AO89+AN89+AM89+AL89+AK89+AJ89+AI89+AH89+AG89+AF89+AE89+AD89+AC89+AB89+AA89+Z89+Y89+X89+W89+V89+U89+T89+S89+R89+Q89+P89+O89+N89+M89+L89+K89+J89+I89+H89+G89+F89+E89+D89+C89 -> 0
A90: F1.1330 | B90: W715645卡扣 | BN90: =BM90+BL90+BK90+BJ90+BI90+BH90+BG90+BF90+BE90+BD90+BC90+BB90+BA90+AZ90+AY90+AX90+AW90+AV90+AU90+AT90+AS90+AR90+AQ90+AP90+AO90+AN90+AM90+AL90+AK90+AJ90+AI90+AH90+AG90+AF90+AE90+AD90+AC90+AB90+AA90+Z90+Y90+X90+W90+V90+U90+T90+S90+R90+Q90+P90+O90+N90+M90+L90+K90+J90+I90+H90+G90+F90+E90+D90+C90 -> 0
A91: F1.1331 | B91: w719189-S403 | H91: 10000 | K91: 15000 | BN91: =BM91+BL91+BK91+BJ91+BI91+BH91+BG91+BF91+BE91+BD91+BC91+BB91+BA91+AZ91+AY91+AX91+AW91+AV91+AU91+AT91+AS91+AR91+AQ91+AP91+AO91+AN91+AM91+AL91+AK91+AJ91+AI91+AH91+AG91+AF91+AE91+AD91+AC91+AB91+AA91+Z91+Y91+X91+W91+V91+U91+T91+S91+R91+Q91+P91+O91+N91+M91+L91+K91+J91+I91+H91+G91+F91+E91+D91+C91 -> 25000
A92: F1.1536 | B92: 卡子 | F92: 10000 | BN92: =BM92+BL92+BK92+BJ92+BI92+BH92+BG92+BF92+BE92+BD92+BC92+BB92+BA92+AZ92+AY92+AX92+AW92+AV92+AU92+AT92+AS92+AR92+AQ92+AP92+AO92+AN92+AM92+AL92+AK92+AJ92+AI92+AH92+AG92+AF92+AE92+AD92+AC92+AB92+AA92+Z92+Y92+X92+W92+V92+U92+T92+S92+R92+Q92+P92+O92+N92+M92+L92+K92+J92+I92+H92+G92+F92+E92+D92+C92 -> 10000
A93: F1.1537 | B93: 推钉 | K93: 15000 | BN93: =BM93+BL93+BK93+BJ93+BI93+BH93+BG93+BF93+BE93+BD93+BC93+BB93+BA93+AZ93+AY93+AX93+AW93+AV93+AU93+AT93+AS93+AR93+AQ93+AP93+AO93+AN93+AM93+AL93+AK93+AJ93+AI93+AH93+AG93+AF93+AE93+AD93+AC93+AB93+AA93+Z93+Y93+X93+W93+V93+U93+T93+S93+R93+Q93+P93+O93+N93+M93+L93+K93+J93+I93+H93+G93+F93+E93+D93+C93 -> 15000
A94: F1.1572 | B94: VP137346.0004 | BN94: =BM94+BL94+BK94+BJ94+BI94+BH94+BG94+BF94+BE94+BD94+BC94+BB94+BA94+AZ94+AY94+AX94+AW94+AV94+AU94+AT94+AS94+AR94+AQ94+AP94+AO94+AN94+AM94+AL94+AK94+AJ94+AI94+AH94+AG94+AF94+AE94+AD94+AC94+AB94+AA94+Z94+Y94+X94+W94+V94+U94+T94+S94+R94+Q94+P94+O94+N94+M94+L94+K94+J94+I94+H94+G94+F94+E94+D94+C94 -> 0
A95: F1.1756 | B95: W700970 | BM95: 15000 | BN95: =BM95+BL95+BK95+BJ95+BI95+BH95+BG95+BF95+BE95+BD95+BC95+BB95+BA95+AZ95+AY95+AX95+AW95+AV95+AU95+AT95+AS95+AR95+AQ95+AP95+AO95+AN95+AM95+AL95+AK95+AJ95+AI95+AH95+AG95+AF95+AE95+AD95+AC95+AB95+AA95+Z95+Y95+X95+W95+V95+U95+T95+S95+R95+Q95+P95+O95+N95+M95+L95+K95+J95+I95+H95+G95+F95+E95+D95+C95 -> 15000
A96: F1.1871 | B96: 限压圆形环9*11*6 | H96: 3000 | BN96: =BM96+BL96+BK96+BJ96+BI96+BH96+BG96+BF96+BE96+BD96+BC96+BB96+BA96+AZ96+AY96+AX96+AW96+AV96+AU96+AT96+AS96+AR96+AQ96+AP96+AO96+AN96+AM96+AL96+AK96+AJ96+AI96+AH96+AG96+AF96+AE96+AD96+AC96+AB96+AA96+Z96+Y96+X96+W96+V96+U96+T96+S96+R96+Q96+P96+O96+N96+M96+L96+K96+J96+I96+H96+G96+F96+E96+D96+C96 -> 3000
A97: F1.1872 | B97: 限压圆形环9*9*6 | H97: 3000 | BN97: =BM97+BL97+BK97+BJ97+BI97+BH97+BG97+BF97+BE97+BD97+BC97+BB97+BA97+AZ97+AY97+AX97+AW97+AV97+AU97+AT97+AS97+AR97+AQ97+AP97+AO97+AN97+AM97+AL97+AK97+AJ97+AI97+AH97+AG97+AF97+AE97+AD97+AC97+AB97+AA97+Z97+Y97+X97+W97+V97+U97+T97+S97+R97+Q97+P97+O97+N97+M97+L97+K97+J97+I97+H97+G97+F97+E97+D97+C97 -> 3000
A98: F1.1956 | B98: 32055435T | BN98: =BM98+BL98+BK98+BJ98+BI98+BH98+BG98+BF98+BE98+BD98+BC98+BB98+BA98+AZ98+AY98+AX98+AW98+AV98+AU98+AT98+AS98+AR98+AQ98+AP98+AO98+AN98+AM98+AL98+AK98+AJ98+AI98+AH98+AG98+AF98+AE98+AD98+AC98+AB98+AA98+Z98+Y98+X98+W98+V98+U98+T98+S98+R98+Q98+P98+O98+N98+M98+L98+K98+J98+I98+H98+G98+F98+E98+D98+C98 -> 0
A99: F1.2108 | B99: 隔音棉 | I99: 4000 | N99: 4000 | BN99: =BM99+BL99+BK99+BJ99+BI99+BH99+BG99+BF99+BE99+BD99+BC99+BB99+BA99+AZ99+AY99+AX99+AW99+AV99+AU99+AT99+AS99+AR99+AQ99+AP99+AO99+AN99+AM99+AL99+AK99+AJ99+AI99+AH99+AG99+AF99+AE99+AD99+AC99+AB99+AA99+Z99+Y99+X99+W99+V99+U99+T99+S99+R99+Q99+P99+O99+N99+M99+L99+K99+J99+I99+H99+G99+F99+E99+D99+C99 -> 8000
A100: F1.2126 | I100: 5000 | BN100: =BM100+BL100+BK100+BJ100+BI100+BH100+BG100+BF100+BE100+BD100+BC100+BB100+BA100+AZ100+AY100+AX100+AW100+AV100+AU100+AT100+AS100+AR100+AQ100+AP100+AO100+AN100+AM100+AL100+AK100+AJ100+AI100+AH100+AG100+AF100+AE100+AD100+AC100+AB100+AA100+Z100+Y100+X100+W100+V100+U100+T100+S100+R100+Q100+P100+O100+N100+M100+L100+K100+J100+I100+H100+G100+F100+E100+D100+C100 -> 5000
...

Sheet 2023年8月材料L领用            
A1: 2023年7月份深远材料辅件领用清单
A2: 材料代码 | B2: 日期 数量 名称 | C2: 45141 | D2: 45143 | E2: 45152 | F2: 45153 | G2: 45156 | H2: 45159 | I2: 45161 | J2: 8月25 | K2: 45166 | L2: 8月29 | M2: 45168 | N2: 45169 | BN2: 深远
A3: A1.1811 | B3: PP-CGF+TD235 | BN3: =BM3+BL3+BK3+BJ3+BI3+BH3+BG3+BF3+BE3+BD3+BC3+BB3+BA3+AZ3+AY3+AX3+AW3+AV3+AU3+AT3+AS3+AR3+AQ3+AP3+AO3+AN3+AM3+AL3+AK3+AJ3+AI3+AH3+AG3+AF3+AE3+AD3+AC3+AB3+AA3+Z3+Y3+X3+W3+V3+U3+T3+S3+R3+Q3+P3+O3+N3+M3+L3+K3+J3+I3+H3+G3+F3+E3+D3+C3 -> 0
A4: A1.1812 | B4: PA6 BKV60HZ.0WSS | BN4: =BM4+BL4+BK4+BJ4+BI4+BH4+BG4+BF4+BE4+BD4+BC4+BB4+BA4+AZ4+AY4+AX4+AW4+AV4+AU4+AT4+AS4+AR4+AQ4+AP4+AO4+AN4+AM4+AL4+AK4+AJ4+AI4+AH4+AG4+AF4+AE4+AD4+AC4+AB4+AA4+Z4+Y4+X4+W4+V4+U4+T4+S4+R4+Q4+P4+O4+N4+M4+L4+K4+J4+I4+H4+G4+F4+E4+D4+C4 -> 0
A5: A1.1131 | B5: PA66-FG30A104GH | BN5: =BM5+BL5+BK5+BJ5+BI5+BH5+BG5+BF5+BE5+BD5+BC5+BB5+BA5+AZ5+AY5+AX5+AW5+AV5+AU5+AT5+AS5+AR5+AQ5+AP5+AO5+AN5+AM5+AL5+AK5+AJ5+AI5+AH5+AG5+AF5+AE5+AD5+AC5+AB5+AA5+Z5+Y5+X5+W5+V5+U5+T5+S5+R5+Q5+P5+O5+N5+M5+L5+K5+J5+I5+H5+G5+F5+E5+D5+C5 -> 0
A6: A5.4332 | B6: PA66 101LNC010 | BN6: =BM6+BL6+BK6+BJ6+BI6+BH6+BG6+BF6+BE6+BD6+BC6+BB6+BA6+AZ6+AY6+AX6+AW6+AV6+AU6+AT6+AS6+AR6+AQ6+AP6+AO6+AN6+AM6+AL6+AK6+AJ6+AI6+AH6+AG6+AF6+AE6+AD6+AC6+AB6+AA6+Z6+Y6+X6+W6+V6+U6+T6+S6+R6+Q6+P6+O6+N6+M6+L6+K6+J6+I6+H6+G6+F6+E6+D6+C6 -> 0
A7: A1.4335 | B7: PA66 A3K NC | BN7: =BM7+BL7+BK7+BJ7+BI7+BH7+BG7+BF7+BE7+BD7+BC7+BB7+BA7+AZ7+AY7+AX7+AW7+AV7+AU7+AT7+AS7+AR7+AQ7+AP7+AO7+AN7+AM7+AL7+AK7+AJ7+AI7+AH7+AG7+AF7+AE7+AD7+AC7+AB7+AA7+Z7+Y7+X7+W7+V7+U7+T7+S7+R7+Q7+P7+O7+N7+M7+L7+K7+J7+I7+H7+G7+F7+E7+D7+C7 -> 0
A8: A1.4338 | B8: PA66 C200 BK121 | J8: 1000 | BN8: =BM8+BL8+BK8+BJ8+BI8+BH8+BG8+BF8+BE8+BD8+BC8+BB8+BA8+AZ8+AY8+AX8+AW8+AV8+AU8+AT8+AS8+AR8+AQ8+AP8+AO8+AN8+AM8+AL8+AK8+AJ8+AI8+AH8+AG8+AF8+AE8+AD8+AC8+AB8+AA8+Z8+Y8+X8+W8+V8+U8+T8+S8+R8+Q8+P8+O8+N8+M8+L8+K8+J8+I8+H8+G8+F8+E8+D8+C8 -> 1000
A9: A1.4354 | B9: PA66GF30AKROM117 | BN9: =BM9+BL9+BK9+BJ9+BI9+BH9+BG9+BF9+BE9+BD9+BC9+BB9+BA9+AZ9+AY9+AX9+AW9+AV9+AU9+AT9+AS9+AR9+AQ9+AP9+AO9+AN9+AM9+AL9+AK9+AJ9+AI9+AH9+AG9+AF9+AE9+AD9+AC9+AB9+AA9+Z9+Y9+X9+W9+V9+U9+T9+S9+R9+Q9+P9+O9+N9+M9+L9+K9+J9+I9+H9+G9+F9+E9+D9+C9 -> 0
A10: A1.4377 | B10: PA6 ALCOM GF10 | G10: 2400 | BN10: =BM10+BL10+BK10+BJ10+BI10+BH10+BG10+BF10+BE10+BD10+BC10+BB10+BA10+AZ10+AY10+AX10+AW10+AV10+AU10+AT10+AS10+AR10+AQ10+AP10+AO10+AN10+AM10+AL10+AK10+AJ10+AI10+AH10+AG10+AF10+AE10+AD10+AC10+AB10+AA10+Z10+Y10+X10+W10+V10+U10+T10+S10+R10+Q10+P10+O10+N10+M10+L10+K10+J10+I10+H10+G10+F10+E10+D10+C10 -> 2400
A11: A1.4404 | B11: PBTGFH | BN11: =BM11+BL11+BK11+BJ11+BI11+BH11+BG11+BF11+BE11+BD11+BC11+BB11+BA11+AZ11+AY11+AX11+AW11+AV11+AU11+AT11+AS11+AR11+AQ11+AP11+AO11+AN11+AM11+AL11+AK11+AJ11+AI11+AH11+AG11+AF11+AE11+AD11+AC11+AB11+AA11+Z11+Y11+X11+W11+V11+U11+T11+S11+R11+Q11+P11+O11+N11+M11+L11+K11+J11+I11+H11+G11+F11+E11+D11+C11 -> 0
A12: A1.4425 | B12: PBTPETGF15DSP8T | C12: 200 | BN12: =BM12+BL12+BK12+BJ12+BI12+BH12+BG12+BF12+BE12+BD12+BC12+BB12+BA12+AZ12+AY12+AX12+AW12+AV12+AU12+AT12+AS12+AR12+AQ12+AP12+AO12+AN12+AM12+AL12+AK12+AJ12+AI12+AH12+AG12+AF12+AE12+AD12+AC12+AB12+AA12+Z12+Y12+X12+W12+V12+U12+T12+S12+R12+Q12+P12+O12+N12+M12+L12+K12+J12+I12+H12+G12+F12+E12+D12+C12 -> 200
A13: A1.5108 | B13: POM3807 | BN13: =BM13+BL13+BK13+BJ13+BI13+BH13+BG13+BF13+BE13+BD13+BC13+BB13+BA13+AZ13+AY13+AX13+AW13+AV13+AU13+AT13+AS13+AR13+AQ13+AP13+AO13+AN13+AM13+AL13+AK13+AJ13+AI13+AH13+AG13+AF13+AE13+AD13+AC13+AB13+AA13+Z13+Y13+X13+W13+V13+U13+T13+S13+R13+Q13+P13+O13+N13+M13+L13+K13+J13+I13+H13+G13+F13+E13+D13+C13 -> 0
A14: A1.5109 | B14: POM 588PWC-4D637 | M14: 200 | BN14: =BM14+BL14+BK14+BJ14+BI14+BH14+BG14+BF14+BE14+BD14+BC14+BB14+BA14+AZ14+AY14+AX14+AW14+AV14+AU14+AT14+AS14+AR14+AQ14+AP14+AO14+AN14+AM14+AL14+AK14+AJ14+AI14+AH14+AG14+AF14+AE14+AD14+AC14+AB14+AA14+Z14+Y14+X14+W14+V14+U14+T14+S14+R14+Q14+P14+O14+N14+M14+L14+K14+J14+I14+H14+G14+F14+E14+D14+C14 -> 200
A15: A1.5227 | B15: TPO CPREPND TD20 | BN15: =BM15+BL15+BK15+BJ15+BI15+BH15+BG15+BF15+BE15+BD15+BC15+BB15+BA15+AZ15+AY15+AX15+AW15+AV15+AU15+AT15+AS15+AR15+AQ15+AP15+AO15+AN15+AM15+AL15+AK15+AJ15+AI15+AH15+AG15+AF15+AE15+AD15+AC15+AB15+AA15+Z15+Y15+X15+W15+V15+U15+T15+S15+R15+Q15+P15+O15+N15+M15+L15+K15+J15+I15+H15+G15+F15+E15+D15+C15 -> 0
A16: A1.5230 | B16: PPC3122F-M117 | BN16: =BM16+BL16+BK16+BJ16+BI16+BH16+BG16+BF16+BE16+BD16+BC16+BB16+BA16+AZ16+AY16+AX16+AW16+AV16+AU16+AT16+AS16+AR16+AQ16+AP16+AO16+AN16+AM16+AL16+AK16+AJ16+AI16+AH16+AG16+AF16+AE16+AD16+AC16+AB16+AA16+Z16+Y16+X16+W16+V16+U16+T16+S16+R16+Q16+P16+O16+N16+M16+L16+K16+J16+I16+H16+G16+F16+E16+D16+C16 -> 0
A17: A1.5231 | B17: PPC3322T | BN17: =BM17+BL17+BK17+BJ17+BI17+BH17+BG17+BF17+BE17+BD17+BC17+BB17+BA17+AZ17+AY17+AX17+AW17+AV17+AU17+AT17+AS17+AR17+AQ17+AP17+AO17+AN17+AM17+AL17+AK17+AJ17+AI17+AH17+AG17+AF17+AE17+AD17+AC17+AB17+AA17+Z17+Y17+X17+W17+V17+U17+T17+S17+R17+Q17+P17+O17+N17+M17+L17+K17+J17+I17+H17+G17+F17+E17+D17+C17 -> 0
A18: A1.5232 | B18: PPC3322T -M125(JM8) | I18: 1000 | BN18: =BM18+BL18+BK18+BJ18+BI18+BH18+BG18+BF18+BE18+BD18+BC18+BB18+BA18+AZ18+AY18+AX18+AW18+AV18+AU18+AT18+AS18+AR18+AQ18+AP18+AO18+AN18+AM18+AL18+AK18+AJ18+AI18+AH18+AG18+AF18+AE18+AD18+AC18+AB18+AA18+Z18+Y18+X18+W18+V18+U18+T18+S18+R18+Q18+P18+O18+N18+M18+L18+K18+J18+I18+H18+G18+F18+E18+D18+C18 -> 1000
A19: A1.5260 | B19: PP +EPDM+T20EG299 | BN19: =BM19+BL19+BK19+BJ19+BI19+BH19+BG19+BF19+BE19+BD19+BC19+BB19+BA19+AZ19+AY19+AX19+AW19+AV19+AU19+AT19+AS19+AR19+AQ19+AP19+AO19+AN19+AM19+AL19+AK19+AJ19+AI19+AH19+AG19+AF19+AE19+AD19+AC19+AB19+AA19+Z19+Y19+X19+W19+V19+U19+T19+S19+R19+Q19+P19+O19+N19+M19+L19+K19+J19+I19+H19+G19+F19+E19+D19+C19 -> 0
A20: A1.5264 | B20: PPERC161NCN15926 | C20: -2750 | BN20: =BM20+BL20+BK20+BJ20+BI20+BH20+BG20+BF20+BE20+BD20+BC20+BB20+BA20+AZ20+AY20+AX20+AW20+AV20+AU20+AT20+AS20+AR20+AQ20+AP20+AO20+AN20+AM20+AL20+AK20+AJ20+AI20+AH20+AG20+AF20+AE20+AD20+AC20+AB20+AA20+Z20+Y20+X20+W20+V20+U20+T20+S20+R20+Q20+P20+O20+N20+M20+L20+K20+J20+I20+H20+G20+F20+E20+D20+C20 -> -2750
A21: A1.5313 | B21: PPGF30 HSBK011 | F21: 1000 | BN21: =BM21+BL21+BK21+BJ21+BI21+BH21+BG21+BF21+BE21+BD21+BC21+BB21+BA21+AZ21+AY21+AX21+AW21+AV21+AU21+AT21+AS21+AR21+AQ21+AP21+AO21+AN21+AM21+AL21+AK21+AJ21+AI21+AH21+AG21+AF21+AE21+AD21+AC21+AB21+AA21+Z21+Y21+X21+W21+V21+U21+T21+S21+R21+Q21+P21+O21+N21+M21+L21+K21+J21+I21+H21+G21+F21+E21+D21+C21 -> 1000
A22: A1.5157 | B22: POM M9044 | BN22: =BM22+BL22+BK22+BJ22+BI22+BH22+BG22+BF22+BE22+BD22+BC22+BB22+BA22+AZ22+AY22+AX22+AW22+AV22+AU22+AT22+AS22+AR22+AQ22+AP22+AO22+AN22+AM22+AL22+AK22+AJ22+AI22+AH22+AG22+AF22+AE22+AD22+AC22+AB22+AA22+Z22+Y22+X22+W22+V22+U22+T22+S22+R22+Q22+P22+O22+N22+M22+L22+K22+J22+I22+H22+G22+F22+E22+D22+C22 -> 0
A23: A1.5193 | B23: PP A422 GM304C | BN23: =BM23+BL23+BK23+BJ23+BI23+BH23+BG23+BF23+BE23+BD23+BC23+BB23+BA23+AZ23+AY23+AX23+AW23+AV23+AU23+AT23+AS23+AR23+AQ23+AP23+AO23+AN23+AM23+AL23+AK23+AJ23+AI23+AH23+AG23+AF23+AE23+AD23+AC23+AB23+AA23+Z23+Y23+X23+W23+V23+U23+T23+S23+R23+Q23+P23+O23+N23+M23+L23+K23+J23+I23+H23+G23+F23+E23+D23+C23 -> 0
A24: A1.5195 | B24: PP A422L630 | H24: 1000 | BN24: =BM24+BL24+BK24+BJ24+BI24+BH24+BG24+BF24+BE24+BD24+BC24+BB24+BA24+AZ24+AY24+AX24+AW24+AV24+AU24+AT24+AS24+AR24+AQ24+AP24+AO24+AN24+AM24+AL24+AK24+AJ24+AI24+AH24+AG24+AF24+AE24+AD24+AC24+AB24+AA24+Z24+Y24+X24+W24+V24+U24+T24+S24+R24+Q24+P24+O24+N24+M24+L24+K24+J24+I24+H24+G24+F24+E24+D24+C24 -> 1000
A25: A1.5228 | B25: PP C332EF M12FCB | BN25: =BM25+BL25+BK25+BJ25+BI25+BH25+BG25+BF25+BE25+BD25+BC25+BB25+BA25+AZ25+AY25+AX25+AW25+AV25+AU25+AT25+AS25+AR25+AQ25+AP25+AO25+AN25+AM25+AL25+AK25+AJ25+AI25+AH25+AG25+AF25+AE25+AD25+AC25+AB25+AA25+Z25+Y25+X25+W25+V25+U25+T25+S25+R25+Q25+P25+O25+N25+M25+L25+K25+J25+I25+H25+G25+F25+E25+D25+C25 -> 0
A26: A1.5233 | B26: PP C33207 M12F | BN26: =BM26+BL26+BK26+BJ26+BI26+BH26+BG26+BF26+BE26+BD26+BC26+BB26+BA26+AZ26+AY26+AX26+AW26+AV26+AU26+AT26+AS26+AR26+AQ26+AP26+AO26+AN26+AM26+AL26+AK26+AJ26+AI26+AH26+AG26+AF26+AE26+AD26+AC26+AB26+AA26+Z26+Y26+X26+W26+V26+U26+T26+S26+R26+Q26+P26+O26+N26+M26+L26+K26+J26+I26+H26+G26+F26+E26+D26+C26 -> 0
A27: A1.5236 | B27: PP C654OL-638B | BN27: =BM27+BL27+BK27+BJ27+BI27+BH27+BG27+BF27+BE27+BD27+BC27+BB27+BA27+AZ27+AY27+AX27+AW27+AV27+AU27+AT27+AS27+AR27+AQ27+AP27+AO27+AN27+AM27+AL27+AK27+AJ27+AI27+AH27+AG27+AF27+AE27+AD27+AC27+AB27+AA27+Z27+Y27+X27+W27+V27+U27+T27+S27+R27+Q27+P27+O27+N27+M27+L27+K27+J27+I27+H27+G27+F27+E27+D27+C27 -> 0
A28: A1.5326 | B28: PP H1407R | L28: 500 | BN28: =BM28+BL28+BK28+BJ28+BI28+BH28+BG28+BF28+BE28+BD28+BC28+BB28+BA28+AZ28+AY28+AX28+AW28+AV28+AU28+AT28+AS28+AR28+AQ28+AP28+AO28+AN28+AM28+AL28+AK28+AJ28+AI28+AH28+AG28+AF28+AE28+AD28+AC28+AB28+AA28+Z28+Y28+X28+W28+V28+U28+T28+S28+R28+Q28+P28+O28+N28+M28+L28+K28+J28+I28+H28+G28+F28+E28+D28+C28 -> 500
A29: A1.5328 | B29: PP11FX TYC1152PBK | BN29: =BM29+BL29+BK29+BJ29+BI29+BH29+BG29+BF29+BE29+BD29+BC29+BB29+BA29+AZ29+AY29+AX29+AW29+AV29+AU29+AT29+AS29+AR29+AQ29+AP29+AO29+AN29+AM29+AL29+AK29+AJ29+AI29+AH29+AG29+AF29+AE29+AD29+AC29+AB29+AA29+Z29+Y29+X29+W29+V29+U29+T29+S29+R29+Q29+P29+O29+N29+M29+L29+K29+J29+I29+H29+G29+F29+E29+D29+C29 -> 0
A30: A1.5345 | B30: PP MD20 ECO | BN30: =BM30+BL30+BK30+BJ30+BI30+BH30+BG30+BF30+BE30+BD30+BC30+BB30+BA30+AZ30+AY30+AX30+AW30+AV30+AU30+AT30+AS30+AR30+AQ30+AP30+AO30+AN30+AM30+AL30+AK30+AJ30+AI30+AH30+AG30+AF30+AE30+AD30+AC30+AB30+AA30+Z30+Y30+X30+W30+V30+U30+T30+S30+R30+Q30+P30+O30+N30+M30+L30+K30+J30+I30+H30+G30+F30+E30+D30+C30 -> 0
A31: A1.5357 | BN31: =BM31+BL31+BK31+BJ31+BI31+BH31+BG31+BF31+BE31+BD31+BC31+BB31+BA31+AZ31+AY31+AX31+AW31+AV31+AU31+AT31+AS31+AR31+AQ31+AP31+AO31+AN31+AM31+AL31+AK31+AJ31+AI31+AH31+AG31+AF31+AE31+AD31+AC31+AB31+AA31+Z31+Y31+X31+W31+V31+U31+T31+S31+R31+Q31+P31+O31+N31+M31+L31+K31+J31+I31+H31+G31+F31+E31+D31+C31 -> 0
A32: A1.5358 | B32: PP-T20A5132T(JM8) | BN32: =BM32+BL32+BK32+BJ32+BI32+BH32+BG32+BF32+BE32+BD32+BC32+BB32+BA32+AZ32+AY32+AX32+AW32+AV32+AU32+AT32+AS32+AR32+AQ32+AP32+AO32+AN32+AM32+AL32+AK32+AJ32+AI32+AH32+AG32+AF32+AE32+AD32+AC32+AB32+AA32+Z32+Y32+X32+W32+V32+U32+T32+S32+R32+Q32+P32+O32+N32+M32+L32+K32+J32+I32+H32+G32+F32+E32+D32+C32 -> 0
A33: A1.5380 | B33: PP TD17 BMV214W | L33: 700 | BN33: =BM33+BL33+BK33+BJ33+BI33+BH33+BG33+BF33+BE33+BD33+BC33+BB33+BA33+AZ33+AY33+AX33+AW33+AV33+AU33+AT33+AS33+AR33+AQ33+AP33+AO33+AN33+AM33+AL33+AK33+AJ33+AI33+AH33+AG33+AF33+AE33+AD33+AC33+AB33+AA33+Z33+Y33+X33+W33+V33+U33+T33+S33+R33+Q33+P33+O33+N33+M33+L33+K33+J33+I33+H33+G33+F33+E33+D33+C33 -> 700
A34: A1.5386 | B34: PPTYC 852P | BN34: =BM34+BL34+BK34+BJ34+BI34+BH34+BG34+BF34+BE34+BD34+BC34+BB34+BA34+AZ34+AY34+AX34+AW34+AV34+AU34+AT34+AS34+AR34+AQ34+AP34+AO34+AN34+AM34+AL34+AK34+AJ34+AI34+AH34+AG34+AF34+AE34+AD34+AC34+AB34+AA34+Z34+Y34+X34+W34+V34+U34+T34+S34+R34+Q34+P34+O34+N34+M34+L34+K34+J34+I34+H34+G34+F34+E34+D34+C34 -> 0
A35: A1.5388 | B35: PP/EPD121 | BN35: =BM35+BL35+BK35+BJ35+BI35+BH35+BG35+BF35+BE35+BD35+BC35+BB35+BA35+AZ35+AY35+AX35+AW35+AV35+AU35+AT35+AS35+AR35+AQ35+AP35+AO35+AN35+AM35+AL35+AK35+AJ35+AI35+AH35+AG35+AF35+AE35+AD35+AC35+AB35+AA35+Z35+Y35+X35+W35+V35+U35+T35+S35+R35+Q35+P35+O35+N35+M35+L35+K35+J35+I35+H35+G35+F35+E35+D35+C35 -> 0
A36: A1.5420 | B36: PP+EPPM+T20 | BN36: =BM36+BL36+BK36+BJ36+BI36+BH36+BG36+BF36+BE36+BD36+BC36+BB36+BA36+AZ36+AY36+AX36+AW36+AV36+AU36+AT36+AS36+AR36+AQ36+AP36+AO36+AN36+AM36+AL36+AK36+AJ36+AI36+AH36+AG36+AF36+AE36+AD36+AC36+AB36+AA36+Z36+Y36+X36+W36+V36+U36+T36+S36+R36+Q36+P36+O36+N36+M36+L36+K36+J36+I36+H36+G36+F36+E36+D36+C36 -> 0
A37: A1.5422 | B37: PP+EPPM+TD20 | BN37: =BM37+BL37+BK37+BJ37+BI37+BH37+BG37+BF37+BE37+BD37+BC37+BB37+BA37+AZ37+AY37+AX37+AW37+AV37+AU37+AT37+AS37+AR37+AQ37+AP37+AO37+AN37+AM37+AL37+AK37+AJ37+AI37+AH37+AG37+AF37+AE37+AD37+AC37+AB37+AA37+Z37+Y37+X37+W37+V37+U37+T37+S37+R37+Q37+P37+O37+N37+M37+L37+K37+J37+I37+H37+G37+F37+E37+D37+C37 -> 0
A38: A1.4166 | B38: ABS HH106 | C38: 200 | BN38: =BM38+BL38+BK38+BJ38+BI38+BH38+BG38+BF38+BE38+BD38+BC38+BB38+BA38+AZ38+AY38+AX38+AW38+AV38+AU38+AT38+AS38+AR38+AQ38+AP38+AO38+AN38+AM38+AL38+AK38+AJ38+AI38+AH38+AG38+AF38+AE38+AD38+AC38+AB38+AA38+Z38+Y38+X38+W38+V38+U38+T38+S38+R38+Q38+P38+O38+N38+M38+L38+K38+J38+I38+H38+G38+F38+E38+D38+C38 -> 200
A39: A1.5413 | B39: PP+EPDM+HTTD020 | F39: 1000 | K39: 740 | BN39: =BM39+BL39+BK39+BJ39+BI39+BH39+BG39+BF39+BE39+BD39+BC39+BB39+BA39+AZ39+AY39+AX39+AW39+AV39+AU39+AT39+AS39+AR39+AQ39+AP39+AO39+AN39+AM39+AL39+AK39+AJ39+AI39+AH39+AG39+AF39+AE39+AD39+AC39+AB39+AA39+Z39+Y39+X39+W39+V39+U39+T39+S39+R39+Q39+P39+O39+N39+M39+L39+K39+J39+I39+H39+G39+F39+E39+D39+C39 -> 1740
A40: A1.5493 | B40: TEO-3000-60A黑 | BN40: =BM40+BL40+BK40+BJ40+BI40+BH40+BG40+BF40+BE40+BD40+BC40+BB40+BA40+AZ40+AY40+AX40+AW40+AV40+AU40+AT40+AS40+AR40+AQ40+AP40+AO40+AN40+AM40+AL40+AK40+AJ40+AI40+AH40+AG40+AF40+AE40+AD40+AC40+AB40+AA40+Z40+Y40+X40+W40+V40+U40+T40+S40+R40+Q40+P40+O40+N40+M40+L40+K40+J40+I40+H40+G40+F40+E40+D40+C40 -> 0
A41: A1.5511 | B41: TPE AT7210-70 | C41: 500 | BN41: =BM41+BL41+BK41+BJ41+BI41+BH41+BG41+BF41+BE41+BD41+BC41+BB41+BA41+AZ41+AY41+AX41+AW41+AV41+AU41+AT41+AS41+AR41+AQ41+AP41+AO41+AN41+AM41+AL41+AK41+AJ41+AI41+AH41+AG41+AF41+AE41+AD41+AC41+AB41+AA41+Z41+Y41+X41+W41+V41+U41+T41+S41+R41+Q41+P41+O41+N41+M41+L41+K41+J41+I41+H41+G41+F41+E41+D41+C41 -> 500
A42: A1.5779 | B42: PP-T6326A15 | BN42: =BM42+BL42+BK42+BJ42+BI42+BH42+BG42+BF42+BE42+BD42+BC42+BB42+BA42+AZ42+AY42+AX42+AW42+AV42+AU42+AT42+AS42+AR42+AQ42+AP42+AO42+AN42+AM42+AL42+AK42+AJ42+AI42+AH42+AG42+AF42+AE42+AD42+AC42+AB42+AA42+Z42+Y42+X42+W42+V42+U42+T42+S42+R42+Q42+P42+O42+N42+M42+L42+K42+J42+I42+H42+G42+F42+E42+D42+C42 -> 0
A43: A1.4513 | B43: PA6-MG30 HSBK006 | BN43: =BM43+BL43+BK43+BJ43+BI43+BH43+BG43+BF43+BE43+BD43+BC43+BB43+BA43+AZ43+AY43+AX43+AW43+AV43+AU43+AT43+AS43+AR43+AQ43+AP43+AO43+AN43+AM43+AL43+AK43+AJ43+AI43+AH43+AG43+AF43+AE43+AD43+AC43+AB43+AA43+Z43+Y43+X43+W43+V43+U43+T43+S43+R43+Q43+P43+O43+N43+M43+L43+K43+J43+I43+H43+G43+F43+E43+D43+C43 -> 0
A44: A1.4681 | B44: PC/ABS CB2340 | J44: 125 | M44: 175 | BN44: =BM44+BL44+BK44+BJ44+BI44+BH44+BG44+BF44+BE44+BD44+BC44+BB44+BA44+AZ44+AY44+AX44+AW44+AV44+AU44+AT44+AS44+AR44+AQ44+AP44+AO44+AN44+AM44+AL44+AK44+AJ44+AI44+AH44+AG44+AF44+AE44+AD44+AC44+AB44+AA44+Z44+Y44+X44+W44+V44+U44+T44+S44+R44+Q44+P44+O44+N44+M44+L44+K44+J44+I44+H44+G44+F44+E44+D44+C44 -> 300
A45: A1.5311 | B45: GFPP-30 FRBK101 | BN45: =BM45+BL45+BK45+BJ45+BI45+BH45+BG45+BF45+BE45+BD45+BC45+BB45+BA45+AZ45+AY45+AX45+AW45+AV45+AU45+AT45+AS45+AR45+AQ45+AP45+AO45+AN45+AM45+AL45+AK45+AJ45+AI45+AH45+AG45+AF45+AE45+AD45+AC45+AB45+AA45+Z45+Y45+X45+W45+V45+U45+T45+S45+R45+Q45+P45+O45+N45+M45+L45+K45+J45+I45+H45+G45+F45+E45+D45+C45 -> 0
A46: A1.4214 | B46: APO 0816 JA6 BK | BN46: =BM46+BL46+BK46+BJ46+BI46+BH46+BG46+BF46+BE46+BD46+BC46+BB46+BA46+AZ46+AY46+AX46+AW46+AV46+AU46+AT46+AS46+AR46+AQ46+AP46+AO46+AN46+AM46+AL46+AK46+AJ46+AI46+AH46+AG46+AF46+AE46+AD46+AC46+AB46+AA46+Z46+Y46+X46+W46+V46+U46+T46+S46+R46+Q46+P46+O46+N46+M46+L46+K46+J46+I46+H46+G46+F46+E46+D46+C46 -> 0
A47: A1.4216 | B47: APO-CM308 BK001 | C47: 5000 | F47: 5000 | K47: 4000 | BN47: =BM47+BL47+BK47+BJ47+BI47+BH47+BG47+BF47+BE47+BD47+BC47+BB47+BA47+AZ47+AY47+AX47+AW47+AV47+AU47+AT47+AS47+AR47+AQ47+AP47+AO47+AN47+AM47+AL47+AK47+AJ47+AI47+AH47+AG47+AF47+AE47+AD47+AC47+AB47+AA47+Z47+Y47+X47+W47+V47+U47+T47+S47+R47+Q47+P47+O47+N47+M47+L47+K47+J47+I47+H47+G47+F47+E47+D47+C47 -> 14000
A48: A1.4217 | B48: APO-CM308 WHZJE | BN48: =BM48+BL48+BK48+BJ48+BI48+BH48+BG48+BF48+BE48+BD48+BC48+BB48+BA48+AZ48+AY48+AX48+AW48+AV48+AU48+AT48+AS48+AR48+AQ48+AP48+AO48+AN48+AM48+AL48+AK48+AJ48+AI48+AH48+AG48+AF48+AE48+AD48+AC48+AB48+AA48+Z48+Y48+X48+W48+V48+U48+T48+S48+R48+Q48+P48+O48+N48+M48+L48+K48+J48+I48+H48+G48+F48+E48+D48+C48 -> 0
A49: A1.4219 | B49: ASA 777K | BN49: =BM49+BL49+BK49+BJ49+BI49+BH49+BG49+BF49+BE49+BD49+BC49+BB49+BA49+AZ49+AY49+AX49+AW49+AV49+AU49+AT49+AS49+AR49+AQ49+AP49+AO49+AN49+AM49+AL49+AK49+AJ49+AI49+AH49+AG49+AF49+AE49+AD49+AC49+AB49+AA49+Z49+Y49+X49+W49+V49+U49+T49+S49+R49+Q49+P49+O49+N49+M49+L49+K49+J49+I49+H49+G49+F49+E49+D49+C49 -> 0
A50: A1.4299 | B50: PA6BKV60H21090016 | BN50: =BM50+BL50+BK50+BJ50+BI50+BH50+BG50+BF50+BE50+BD50+BC50+BB50+BA50+AZ50+AY50+AX50+AW50+AV50+AU50+AT50+AS50+AR50+AQ50+AP50+AO50+AN50+AM50+AL50+AK50+AJ50+AI50+AH50+AG50+AF50+AE50+AD50+AC50+AB50+AA50+Z50+Y50+X50+W50+V50+U50+T50+S50+R50+Q50+P50+O50+N50+M50+L50+K50+J50+I50+H50+G50+F50+E50+D50+C50 -> 0
A51: A1.4317 | B51: PA6-MG30 HSBK006 | J51: 2000 | BN51: =BM51+BL51+BK51+BJ51+BI51+BH51+BG51+BF51+BE51+BD51+BC51+BB51+BA51+AZ51+AY51+AX51+AW51+AV51+AU51+AT51+AS51+AR51+AQ51+AP51+AO51+AN51+AM51+AL51+AK51+AJ51+AI51+AH51+AG51+AF51+AE51+AD51+AC51+AB51+AA51+Z51+Y51+X51+W51+V51+U51+T51+S51+R51+Q51+P51+O51+N51+M51+L51+K51+J51+I51+H51+G51+F51+E51+D51+C51 -> 2000
A52: A1.1530/4214 | B52: APO 0816 JA6 BK | BN52: =BM52+BL52+BK52+BJ52+BI52+BH52+BG52+BF52+BE52+BD52+BC52+BB52+BA52+AZ52+AY52+AX52+AW52+AV52+AU52+AT52+AS52+AR52+AQ52+AP52+AO52+AN52+AM52+AL52+AK52+AJ52+AI52+AH52+AG52+AF52+AE52+AD52+AC52+AB52+AA52+Z52+Y52+X52+W52+V52+U52+T52+S52+R52+Q52+P52+O52+N52+M52+L52+K52+J52+I52+H52+G52+F52+E52+D52+C52 -> 0
A53: A1.0329/4679 | B53: PC/ABS CB2340 | BN53: =BM53+BL53+BK53+BJ53+BI53+BH53+BG53+BF53+BE53+BD53+BC53+BB53+BA53+AZ53+AY53+AX53+AW53+AV53+AU53+AT53+AS53+AR53+AQ53+AP53+AO53+AN53+AM53+AL53+AK53+AJ53+AI53+AH53+AG53+AF53+AE53+AD53+AC53+AB53+AA53+Z53+Y53+X53+W53+V53+U53+T53+S53+R53+Q53+P53+O53+N53+M53+L53+K53+J53+I53+H53+G53+F53+E53+D53+C53 -> 0
A54: A1.5777 | B54: 耐磨块色母 | BN54: =BM54+BL54+BK54+BJ54+BI54+BH54+BG54+BF54+BE54+BD54+BC54+BB54+BA54+AZ54+AY54+AX54+AW54+AV54+AU54+AT54+AS54+AR54+AQ54+AP54+AO54+AN54+AM54+AL54+AK54+AJ54+AI54+AH54+AG54+AF54+AE54+AD54+AC54+AB54+AA54+Z54+Y54+X54+W54+V54+U54+T54+S54+R54+Q54+P54+O54+N54+M54+L54+K54+J54+I54+H54+G54+F54+E54+D54+C54 -> 0
A55: A1.5957 | B55: PP糖色 | D55: 225 | H55: 200 | BN55: =BM55+BL55+BK55+BJ55+BI55+BH55+BG55+BF55+BE55+BD55+BC55+BB55+BA55+AZ55+AY55+AX55+AW55+AV55+AU55+AT55+AS55+AR55+AQ55+AP55+AO55+AN55+AM55+AL55+AK55+AJ55+AI55+AH55+AG55+AF55+AE55+AD55+AC55+AB55+AA55+Z55+Y55+X55+W55+V55+U55+T55+S55+R55+Q55+P55+O55+N55+M55+L55+K55+J55+I55+H55+G55+F55+E55+D55+C55 -> 425
A56: A1.5985 | B56: ABS/345OF-HH378L | H56: 1000 | N56: -900 | BN56: =BM56+BL56+BK56+BJ56+BI56+BH56+BG56+BF56+BE56+BD56+BC56+BB56+BA56+AZ56+AY56+AX56+AW56+AV56+AU56+AT56+AS56+AR56+AQ56+AP56+AO56+AN56+AM56+AL56+AK56+AJ56+AI56+AH56+AG56+AF56+AE56+AD56+AC56+AB56+AA56+Z56+Y56+X56+W56+V56+U56+T56+S56+R56+Q56+P56+O56+N56+M56+L56+K56+J56+I56+H56+G56+F56+E56+D56+C56 -> 100
A57: A5.4066 | B57: ABS EF378L | BN57: =BM57+BL57+BK57+BJ57+BI57+BH57+BG57+BF57+BE57+BD57+BC57+BB57+BA57+AZ57+AY57+AX57+AW57+AV57+AU57+AT57+AS57+AR57+AQ57+AP57+AO57+AN57+AM57+AL57+AK57+AJ57+AI57+AH57+AG57+AF57+AE57+AD57+AC57+AB57+AA57+Z57+Y57+X57+W57+V57+U57+T57+S57+R57+Q57+P57+O57+N57+M57+L57+K57+J57+I57+H57+G57+F57+E57+D57+C57 -> 0
A58: A5.4116 | B58: ABS HF380 8H408 | BN58: =BM58+BL58+BK58+BJ58+BI58+BH58+BG58+BF58+BE58+BD58+BC58+BB58+BA58+AZ58+AY58+AX58+AW58+AV58+AU58+AT58+AS58+AR58+AQ58+AP58+AO58+AN58+AM58+AL58+AK58+AJ58+AI58+AH58+AG58+AF58+AE58+AD58+AC58+AB58+AA58+Z58+Y58+X58+W58+V58+U58+T58+S58+R58+Q58+P58+O58+N58+M58+L58+K58+J58+I58+H58+G58+F58+E58+D58+C58 -> 0
A59: A5.4145 | B59: ABS NH0700FX | BN59: =BM59+BL59+BK59+BJ59+BI59+BH59+BG59+BF59+BE59+BD59+BC59+BB59+BA59+AZ59+AY59+AX59+AW59+AV59+AU59+AT59+AS59+AR59+AQ59+AP59+AO59+AN59+AM59+AL59+AK59+AJ59+AI59+AH59+AG59+AF59+AE59+AD59+AC59+AB59+AA59+Z59+Y59+X59+W59+V59+U59+T59+S59+R59+Q59+P59+O59+N59+M59+L59+K59+J59+I59+H59+G59+F59+E59+D59+C59 -> 0
A60: A5.4150 | B60: ABS NH0700FX | BN60: =BM60+BL60+BK60+BJ60+BI60+BH60+BG60+BF60+BE60+BD60+BC60+BB60+BA60+AZ60+AY60+AX60+AW60+AV60+AU60+AT60+AS60+AR60+AQ60+AP60+AO60+AN60+AM60+AL60+AK60+AJ60+AI60+AH60+AG60+AF60+AE60+AD60+AC60+AB60+AA60+Z60+Y60+X60+W60+V60+U60+T60+S60+R60+Q60+P60+O60+N60+M60+L60+K60+J60+I60+H60+G60+F60+E60+D60+C60 -> 0
A61: A5.4190 | B61: ABS EFJ31-450 | BN61: =BM61+BL61+BK61+BJ61+BI61+BH61+BG61+BF61+BE61+BD61+BC61+BB61+BA61+AZ61+AY61+AX61+AW61+AV61+AU61+AT61+AS61+AR61+AQ61+AP61+AO61+AN61+AM61+AL61+AK61+AJ61+AI61+AH61+AG61+AF61+AE61+AD61+AC61+AB61+AA61+Z61+Y61+X61+W61+V61+U61+T61+S61+R61+Q61+P61+O61+N61+M61+L61+K61+J61+I61+H61+G61+F61+E61+D61+C61 -> 0
A62: A5.4202 | B62: ABS J5 139712-2 | BN62: =BM62+BL62+BK62+BJ62+BI62+BH62+BG62+BF62+BE62+BD62+BC62+BB62+BA62+AZ62+AY62+AX62+AW62+AV62+AU62+AT62+AS62+AR62+AQ62+AP62+AO62+AN62+AM62+AL62+AK62+AJ62+AI62+AH62+AG62+AF62+AE62+AD62+AC62+AB62+AA62+Z62+Y62+X62+W62+V62+U62+T62+S62+R62+Q62+P62+O62+N62+M62+L62+K62+J62+I62+H62+G62+F62+E62+D62+C62 -> 0
A63: A5.4619 | B63: PC MN3600H CM052H | BN63: =BM63+BL63+BK63+BJ63+BI63+BH63+BG63+BF63+BE63+BD63+BC63+BB63+BA63+AZ63+AY63+AX63+AW63+AV63+AU63+AT63+AS63+AR63+AQ63+AP63+AO63+AN63+AM63+AL63+AK63+AJ63+AI63+AH63+AG63+AF63+AE63+AD63+AC63+AB63+AA63+Z63+Y63+X63+W63+V63+U63+T63+S63+R63+Q63+P63+O63+N63+M63+L63+K63+J63+I63+H63+G63+F63+E63+D63+C63 -> 0
A64: A5.4620 | B64: PC MN3600H | BN64: =BM64+BL64+BK64+BJ64+BI64+BH64+BG64+BF64+BE64+BD64+BC64+BB64+BA64+AZ64+AY64+AX64+AW64+AV64+AU64+AT64+AS64+AR64+AQ64+AP64+AO64+AN64+AM64+AL64+AK64+AJ64+AI64+AH64+AG64+AF64+AE64+AD64+AC64+AB64+AA64+Z64+Y64+X64+W64+V64+U64+T64+S64+R64+Q64+P64+O64+N64+M64+L64+K64+J64+I64+H64+G64+F64+E64+D64+C64 -> 0
A65: A5.4679 | BN65: =BM65+BL65+BK65+BJ65+BI65+BH65+BG65+BF65+BE65+BD65+BC65+BB65+BA65+AZ65+AY65+AX65+AW65+AV65+AU65+AT65+AS65+AR65+AQ65+AP65+AO65+AN65+AM65+AL65+AK65+AJ65+AI65+AH65+AG65+AF65+AE65+AD65+AC65+AB65+AA65+Z65+Y65+X65+W65+V65+U65+T65+S65+R65+Q65+P65+O65+N65+M65+L65+K65+J65+I65+H65+G65+F65+E65+D65+C65 -> 0
A66: A5.4332 | BN66: =BM66+BL66+BK66+BJ66+BI66+BH66+BG66+BF66+BE66+BD66+BC66+BB66+BA66+AZ66+AY66+AX66+AW66+AV66+AU66+AT66+AS66+AR66+AQ66+AP66+AO66+AN66+AM66+AL66+AK66+AJ66+AI66+AH66+AG66+AF66+AE66+AD66+AC66+AB66+AA66+Z66+Y66+X66+W66+V66+U66+T66+S66+R66+Q66+P66+O66+N66+M66+L66+K66+J66+I66+H66+G66+F66+E66+D66+C66 -> 0
A67: A5.4830 | BN67: =BM67+BL67+BK67+BJ67+BI67+BH67+BG67+BF67+BE67+BD67+BC67+BB67+BA67+AZ67+AY67+AX67+AW67+AV67+AU67+AT67+AS67+AR67+AQ67+AP67+AO67+AN67+AM67+AL67+AK67+AJ67+AI67+AH67+AG67+AF67+AE67+AD67+AC67+AB67+AA67+Z67+Y67+X67+W67+V67+U67+T67+S67+R67+Q67+P67+O67+N67+M67+L67+K67+J67+I67+H67+G67+F67+E67+D67+C67 -> 0
A68: A5.5167 | B68: POM NW-02C | BN68: =BM68+BL68+BK68+BJ68+BI68+BH68+BG68+BF68+BE68+BD68+BC68+BB68+BA68+AZ68+AY68+AX68+AW68+AV68+AU68+AT68+AS68+AR68+AQ68+AP68+AO68+AN68+AM68+AL68+AK68+AJ68+AI68+AH68+AG68+AF68+AE68+AD68+AC68+AB68+AA68+Z68+Y68+X68+W68+V68+U68+T68+S68+R68+Q68+P68+O68+N68+M68+L68+K68+J68+I68+H68+G68+F68+E68+D68+C68 -> 0
A69: A5.0299 | B69: POM 188P | BN69: =BM69+BL69+BK69+BJ69+BI69+BH69+BG69+BF69+BE69+BD69+BC69+BB69+BA69+AZ69+AY69+AX69+AW69+AV69+AU69+AT69+AS69+AR69+AQ69+AP69+AO69+AN69+AM69+AL69+AK69+AJ69+AI69+AH69+AG69+AF69+AE69+AD69+AC69+AB69+AA69+Z69+Y69+X69+W69+V69+U69+T69+S69+R69+Q69+P69+O69+N69+M69+L69+K69+J69+I69+H69+G69+F69+E69+D69+C69 -> 0
A70: A5.4717 | B70: PC/ABS FR3005 | BN70: =BM70+BL70+BK70+BJ70+BI70+BH70+BG70+BF70+BE70+BD70+BC70+BB70+BA70+AZ70+AY70+AX70+AW70+AV70+AU70+AT70+AS70+AR70+AQ70+AP70+AO70+AN70+AM70+AL70+AK70+AJ70+AI70+AH70+AG70+AF70+AE70+AD70+AC70+AB70+AA70+Z70+Y70+X70+W70+V70+U70+T70+S70+R70+Q70+P70+O70+N70+M70+L70+K70+J70+I70+H70+G70+F70+E70+D70+C70 -> 0
A71: A5.5110 | B71: POM 588P BK602 | BN71: =BM71+BL71+BK71+BJ71+BI71+BH71+BG71+BF71+BE71+BD71+BC71+BB71+BA71+AZ71+AY71+AX71+AW71+AV71+AU71+AT71+AS71+AR71+AQ71+AP71+AO71+AN71+AM71+AL71+AK71+AJ71+AI71+AH71+AG71+AF71+AE71+AD71+AC71+AB71+AA71+Z71+Y71+X71+W71+V71+U71+T71+S71+R71+Q71+P71+O71+N71+M71+L71+K71+J71+I71+H71+G71+F71+E71+D71+C71 -> 0
A72: A5.5111 | B72: POM 188PGY4900 | BN72: =BM72+BL72+BK72+BJ72+BI72+BH72+BG72+BF72+BE72+BD72+BC72+BB72+BA72+AZ72+AY72+AX72+AW72+AV72+AU72+AT72+AS72+AR72+AQ72+AP72+AO72+AN72+AM72+AL72+AK72+AJ72+AI72+AH72+AG72+AF72+AE72+AD72+AC72+AB72+AA72+Z72+Y72+X72+W72+V72+U72+T72+S72+R72+Q72+P72+O72+N72+M72+L72+K72+J72+I72+H72+G72+F72+E72+D72+C72 -> 0
A73: A5.5112 | BN73: =BM73+BL73+BK73+BJ73+BI73+BH73+BG73+BF73+BE73+BD73+BC73+BB73+BA73+AZ73+AY73+AX73+AW73+AV73+AU73+AT73+AS73+AR73+AQ73+AP73+AO73+AN73+AM73+AL73+AK73+AJ73+AI73+AH73+AG73+AF73+AE73+AD73+AC73+AB73+AA73+Z73+Y73+X73+W73+V73+U73+T73+S73+R73+Q73+P73+O73+N73+M73+L73+K73+J73+I73+H73+G73+F73+E73+D73+C73 -> 0
A74: A5.5174 | B74: POM NW-01CD3501 | BN74: =BM74+BL74+BK74+BJ74+BI74+BH74+BG74+BF74+BE74+BD74+BC74+BB74+BA74+AZ74+AY74+AX74+AW74+AV74+AU74+AT74+AS74+AR74+AQ74+AP74+AO74+AN74+AM74+AL74+AK74+AJ74+AI74+AH74+AG74+AF74+AE74+AD74+AC74+AB74+AA74+Z74+Y74+X74+W74+V74+U74+T74+S74+R74+Q74+P74+O74+N74+M74+L74+K74+J74+I74+H74+G74+F74+E74+D74+C74 -> 0
A75: Z8.237 | B75: 外协入库单 | BN75: =BM75+BL75+BK75+BJ75+BI75+BH75+BG75+BF75+BE75+BD75+BC75+BB75+BA75+AZ75+AY75+AX75+AW75+AV75+AU75+AT75+AS75+AR75+AQ75+AP75+AO75+AN75+AM75+AL75+AK75+AJ75+AI75+AH75+AG75+AF75+AE75+AD75+AC75+AB75+AA75+Z75+Y75+X75+W75+V75+U75+T75+S75+R75+Q75+P75+O75+N75+M75+L75+K75+J75+I75+H75+G75+F75+E75+D75+C75 -> 0
A76: ZP.224 | B76: 生产管理表 | BN76: =BM76+BL76+BK76+BJ76+BI76+BH76+BG76+BF76+BE76+BD76+BC76+BB76+BA76+AZ76+AY76+AX76+AW76+AV76+AU76+AT76+AS76+AR76+AQ76+AP76+AO76+AN76+AM76+AL76+AK76+AJ76+AI76+AH76+AG76+AF76+AE76+AD76+AC76+AB76+AA76+Z76+Y76+X76+W76+V76+U76+T76+S76+R76+Q76+P76+O76+N76+M76+L76+K76+J76+I76+H76+G76+F76+E76+D76+C76 -> 0
A77: ZP.221 | B77: 明细书 | BN77: =BM77+BL77+BK77+BJ77+BI77+BH77+BG77+BF77+BE77+BD77+BC77+BB77+BA77+AZ77+AY77+AX77+AW77+AV77+AU77+AT77+AS77+AR77+AQ77+AP77+AO77+AN77+AM77+AL77+AK77+AJ77+AI77+AH77+AG77+AF77+AE77+AD77+AC77+AB77+AA77+Z77+Y77+X77+W77+V77+U77+T77+S77+R77+Q77+P77+O77+N77+M77+L77+K77+J77+I77+H77+G77+F77+E77+D77+C77 -> 0
A78: F2.0380 | B78: 全检票 | BN78: =BM78+BL78+BK78+BJ78+BI78+BH78+BG78+BF78+BE78+BD78+BC78+BB78+BA78+AZ78+AY78+AX78+AW78+AV78+AU78+AT78+AS78+AR78+AQ78+AP78+AO78+AN78+AM78+AL78+AK78+AJ78+AI78+AH78+AG78+AF78+AE78+AD78+AC78+AB78+AA78+Z78+Y78+X78+W78+V78+U78+T78+S78+R78+Q78+P78+O78+N78+M78+L78+K78+J78+I78+H78+G78+F78+E78+D78+C78 -> 0
A79: Z9.268 | B79: 领料单 | BN79: =BM79+BL79+BK79+BJ79+BI79+BH79+BG79+BF79+BE79+BD79+BC79+BB79+BA79+AZ79+AY79+AX79+AW79+AV79+AU79+AT79+AS79+AR79+AQ79+AP79+AO79+AN79+AM79+AL79+AK79+AJ79+AI79+AH79+AG79+AF79+AE79+AD79+AC79+AB79+AA79+Z79+Y79+X79+W79+V79+U79+T79+S79+R79+Q79+P79+O79+N79+M79+L79+K79+J79+I79+H79+G79+F79+E79+D79+C79 -> 0
A80: ZP.173 | B80: 李尔明细书 | BN80: =BM80+BL80+BK80+BJ80+BI80+BH80+BG80+BF80+BE80+BD80+BC80+BB80+BA80+AZ80+AY80+AX80+AW80+AV80+AU80+AT80+AS80+AR80+AQ80+AP80+AO80+AN80+AM80+AL80+AK80+AJ80+AI80+AH80+AG80+AF80+AE80+AD80+AC80+AB80+AA80+Z80+Y80+X80+W80+V80+U80+T80+S80+R80+Q80+P80+O80+N80+M80+L80+K80+J80+I80+H80+G80+F80+E80+D80+C80 -> 0
A81: F1.0068 | B81: 2735072X | C81: -6251 | BN81: =BM81+BL81+BK81+BJ81+BI81+BH81+BG81+BF81+BE81+BD81+BC81+BB81+BA81+AZ81+AY81+AX81+AW81+AV81+AU81+AT81+AS81+AR81+AQ81+AP81+AO81+AN81+AM81+AL81+AK81+AJ81+AI81+AH81+AG81+AF81+AE81+AD81+AC81+AB81+AA81+Z81+Y81+X81+W81+V81+U81+T81+S81+R81+Q81+P81+O81+N81+M81+L81+K81+J81+I81+H81+G81+F81+E81+D81+C81 -> -6251
A82: F1.0069 | B82: 2735073X | D82: 570 | BN82: =BM82+BL82+BK82+BJ82+BI82+BH82+BG82+BF82+BE82+BD82+BC82+BB82+BA82+AZ82+AY82+AX82+AW82+AV82+AU82+AT82+AS82+AR82+AQ82+AP82+AO82+AN82+AM82+AL82+AK82+AJ82+AI82+AH82+AG82+AF82+AE82+AD82+AC82+AB82+AA82+Z82+Y82+X82+W82+V82+U82+T82+S82+R82+Q82+P82+O82+N82+M82+L82+K82+J82+I82+H82+G82+F82+E82+D82+C82 -> 570
A83: F1.0066 | B83: 2735070X | C83: -2303 | BN83: =BM83+BL83+BK83+BJ83+BI83+BH83+BG83+BF83+BE83+BD83+BC83+BB83+BA83+AZ83+AY83+AX83+AW83+AV83+AU83+AT83+AS83+AR83+AQ83+AP83+AO83+AN83+AM83+AL83+AK83+AJ83+AI83+AH83+AG83+AF83+AE83+AD83+AC83+AB83+AA83+Z83+Y83+X83+W83+V83+U83+T83+S83+R83+Q83+P83+O83+N83+M83+L83+K83+J83+I83+H83+G83+F83+E83+D83+C83 -> -2303
A84: F1.0271 | B84: COVER贴膜 | C84: 15000 | N84: 10000 | BN84: =BM84+BL84+BK84+BJ84+BI84+BH84+BG84+BF84+BE84+BD84+BC84+BB84+BA84+AZ84+AY84+AX84+AW84+AV84+AU84+AT84+AS84+AR84+AQ84+AP84+AO84+AN84+AM84+AL84+AK84+AJ84+AI84+AH84+AG84+AF84+AE84+AD84+AC84+AB84+AA84+Z84+Y84+X84+W84+V84+U84+T84+S84+R84+Q84+P84+O84+N84+M84+L84+K84+J84+I84+H84+G84+F84+E84+D84+C84 -> 25000
A85: F1.2287 | B85: 麦拉片 | E85: 10000 | I85: 10000 | BN85: =BM85+BL85+BK85+BJ85+BI85+BH85+BG85+BF85+BE85+BD85+BC85+BB85+BA85+AZ85+AY85+AX85+AW85+AV85+AU85+AT85+AS85+AR85+AQ85+AP85+AO85+AN85+AM85+AL85+AK85+AJ85+AI85+AH85+AG85+AF85+AE85+AD85+AC85+AB85+AA85+Z85+Y85+X85+W85+V85+U85+T85+S85+R85+Q85+P85+O85+N85+M85+L85+K85+J85+I85+H85+G85+F85+E85+D85+C85 -> 20000
A86: F1.1154 | B86: W71804-5439排力螺母 | F86: 6000 | BN86: =BM86+BL86+BK86+BJ86+BI86+BH86+BG86+BF86+BE86+BD86+BC86+BB86+BA86+AZ86+AY86+AX86+AW86+AV86+AU86+AT86+AS86+AR86+AQ86+AP86+AO86+AN86+AM86+AL86+AK86+AJ86+AI86+AH86+AG86+AF86+AE86+AD86+AC86+AB86+AA86+Z86+Y86+X86+W86+V86+U86+T86+S86+R86+Q86+P86+O86+N86+M86+L86+K86+J86+I86+H86+G86+F86+E86+D86+C86 -> 6000
A87: F1.1551 | B87: 螺钉 | BN87: =BM87+BL87+BK87+BJ87+BI87+BH87+BG87+BF87+BE87+BD87+BC87+BB87+BA87+AZ87+AY87+AX87+AW87+AV87+AU87+AT87+AS87+AR87+AQ87+AP87+AO87+AN87+AM87+AL87+AK87+AJ87+AI87+AH87+AG87+AF87+AE87+AD87+AC87+AB87+AA87+Z87+Y87+X87+W87+V87+U87+T87+S87+R87+Q87+P87+O87+N87+M87+L87+K87+J87+I87+H87+G87+F87+E87+D87+C87 -> 0
A88: F1.1592 | B88: 毛钻 | F88: 5000 | BN88: =BM88+BL88+BK88+BJ88+BI88+BH88+BG88+BF88+BE88+BD88+BC88+BB88+BA88+AZ88+AY88+AX88+AW88+AV88+AU88+AT88+AS88+AR88+AQ88+AP88+AO88+AN88+AM88+AL88+AK88+AJ88+AI88+AH88+AG88+AF88+AE88+AD88+AC88+AB88+AA88+Z88+Y88+X88+W88+V88+U88+T88+S88+R88+Q88+P88+O88+N88+M88+L88+K88+J88+I88+H88+G88+F88+E88+D88+C88 -> 5000
A89: F1.1328 | B89: W710609S | BN89: =BM89+BL89+BK89+BJ89+BI89+BH89+BG89+BF89+BE89+BD89+BC89+BB89+BA89+AZ89+AY89+AX89+AW89+AV89+AU89+AT89+AS89+AR89+AQ89+AP89+AO89+AN89+AM89+AL89+AK89+AJ89+AI89+AH89+AG89+AF89+AE89+AD89+AC89+AB89+AA89+Z89+Y89+X89+W89+V89+U89+T89+S89+R89+Q89+P89+O89+N89+M89+L89+K89+J89+I89+H89+G89+F89+E89+D89+C89 -> 0
A90: F1.1330 | B90: W715645卡扣 | BN90: =BM90+BL90+BK90+BJ90+BI90+BH90+BG90+BF90+BE90+BD90+BC90+BB90+BA90+AZ90+AY90+AX90+AW90+AV90+AU90+AT90+AS90+AR90+AQ90+AP90+AO90+AN90+AM90+AL90+AK90+AJ90+AI90+AH90+AG90+AF90+AE90+AD90+AC90+AB90+AA90+Z90+Y90+X90+W90+V90+U90+T90+S90+R90+Q90+P90+O90+N90+M90+L90+K90+J90+I90+H90+G90+F90+E90+D90+C90 -> 0
A91: F1.1331 | B91: w719189-S403 | G91: 10000 | BN91: =BM91+BL91+BK91+BJ91+BI91+BH91+BG91+BF91+BE91+BD91+BC91+BB91+BA91+AZ91+AY91+AX91+AW91+AV91+AU91+AT91+AS91+AR91+AQ91+AP91+AO91+AN91+AM91+AL91+AK91+AJ91+AI91+AH91+AG91+AF91+AE91+AD91+AC91+AB91+AA91+Z91+Y91+X91+W91+V91+U91+T91+S91+R91+Q91+P91+O91+N91+M91+L91+K91+J91+I91+H91+G91+F91+E91+D91+C91 -> 10000
A92: F1.1536 | B92: 卡子 | C92: 10000 | G92: 5000 | BN92: =BM92+BL92+BK92+BJ92+BI92+BH92+BG92+BF92+BE92+BD92+BC92+BB92+BA92+AZ92+AY92+AX92+AW92+AV92+AU92+AT92+AS92+AR92+AQ92+AP92+AO92+AN92+AM92+AL92+AK92+AJ92+AI92+AH92+AG92+AF92+AE92+AD92+AC92+AB92+AA92+Z92+Y92+X92+W92+V92+U92+T92+S92+R92+Q92+P92+O92+N92+M92+L92+K92+J92+I92+H92+G92+F92+E92+D92+C92 -> 15000
A93: F1.1537 | B93: 推钉 | BN93: =BM93+BL93+BK93+BJ93+BI93+BH93+BG93+BF93+BE93+BD93+BC93+BB93+BA93+AZ93+AY93+AX93+AW93+AV93+AU93+AT93+AS93+AR93+AQ93+AP93+AO93+AN93+AM93+AL93+AK93+AJ93+AI93+AH93+AG93+AF93+AE93+AD93+AC93+AB93+AA93+Z93+Y93+X93+W93+V93+U93+T93+S93+R93+Q93+P93+O93+N93+M93+L93+K93+J93+I93+H93+G93+F93+E93+D93+C93 -> 0
A94: F1.1572 | B94: VP137346.0004 | BN94: =BM94+BL94+BK94+BJ94+BI94+BH94+BG94+BF94+BE94+BD94+BC94+BB94+BA94+AZ94+AY94+AX94+AW94+AV94+AU94+AT94+AS94+AR94+AQ94+AP94+AO94+AN94+AM94+AL94+AK94+AJ94+AI94+AH94+AG94+AF94+AE94+AD94+AC94+AB94+AA94+Z94+Y94+X94+W94+V94+U94+T94+S94+R94+Q94+P94+O94+N94+M94+L94+K94+J94+I94+H94+G94+F94+E94+D94+C94 -> 0
A95: F1.1756 | B95: W700970 | N95: 20000 | BN95: =BM95+BL95+BK95+BJ95+BI95+BH95+BG95+BF95+BE95+BD95+BC95+BB95+BA95+AZ95+AY95+AX95+AW95+AV95+AU95+AT95+AS95+AR95+AQ95+AP95+AO95+AN95+AM95+AL95+AK95+AJ95+AI95+AH95+AG95+AF95+AE95+AD95+AC95+AB95+AA95+Z95+Y95+X95+W95+V95+U95+T95+S95+R95+Q95+P95+O95+N95+M95+L95+K95+J95+I95+H95+G95+F95+E95+D95+C95 -> 20000
A96: F1.1871 | B96: 限压圆形环9*11*6 | F96: 3000 | BN96: =BM96+BL96+BK96+BJ96+BI96+BH96+BG96+BF96+BE96+BD96+BC96+BB96+BA96+AZ96+AY96+AX96+AW96+AV96+AU96+AT96+AS96+AR96+AQ96+AP96+AO96+AN96+AM96+AL96+AK96+AJ96+AI96+AH96+AG96+AF96+AE96+AD96+AC96+AB96+AA96+Z96+Y96+X96+W96+V96+U96+T96+S96+R96+Q96+P96+O96+N96+M96+L96+K96+J96+I96+H96+G96+F96+E96+D96+C96 -> 3000
A97: F1.1872 | B97: 限压圆形环9*9*6 | F97: 3000 | BN97: =BM97+BL97+BK97+BJ97+BI97+BH97+BG97+BF97+BE97+BD97+BC97+BB97+BA97+AZ97+AY97+AX97+AW97+AV97+AU97+AT97+AS97+AR97+AQ97+AP97+AO97+AN97+AM97+AL97+AK97+AJ97+AI97+AH97+AG97+AF97+AE97+AD97+AC97+AB97+AA97+Z97+Y97+X97+W97+V97+U97+T97+S97+R97+Q97+P97+O97+N97+M97+L97+K97+J97+I97+H97+G97+F97+E97+D97+C97 -> 3000
A98: F1.1956 | B98: 32055435T | BN98: =BM98+BL98+BK98+BJ98+BI98+BH98+BG98+BF98+BE98+BD98+BC98+BB98+BA98+AZ98+AY98+AX98+AW98+AV98+AU98+AT98+AS98+AR98+AQ98+AP98+AO98+AN98+AM98+AL98+AK98+AJ98+AI98+AH98+AG98+AF98+AE98+AD98+AC98+AB98+AA98+Z98+Y98+X98+W98+V98+U98+T98+S98+R98+Q98+P98+O98+N98+M98+L98+K98+J98+I98+H98+G98+F98+E98+D98+C98 -> 0
A99: F1.2108 | B99: 隔音棉 | BN99: =BM99+BL99+BK99+BJ99+BI99+BH99+BG99+BF99+BE99+BD99+BC99+BB99+BA99+AZ99+AY99+AX99+AW99+AV99+AU99+AT99+AS99+AR99+AQ99+AP99+AO99+AN99+AM99+AL99+AK99+AJ99+AI99+AH99+AG99+AF99+AE99+AD99+AC99+AB99+AA99+Z99+Y99+X99+W99+V99+U99+T99+S99+R99+Q99+P99+O99+N99+M99+L99+K99+J99+I99+H99+G99+F99+E99+D99+C99 -> 0
A100: F1.2126 | G100: 5000 | BN100: =BM100+BL100+BK100+BJ100+BI100+BH100+BG100+BF100+BE100+BD100+BC100+BB100+BA100+AZ100+AY100+AX100+AW100+AV100+AU100+AT100+AS100+AR100+AQ100+AP100+AO100+AN100+AM100+AL100+AK100+AJ100+AI100+AH100+AG100+AF100+AE100+AD100+AC100+AB100+AA100+Z100+Y100+X100+W100+V100+U100+T100+S100+R100+Q100+P100+O100+N100+M100+L100+K100+J100+I100+H100+G100+F100+E100+D100+C100 -> 5000
...

Sheet 2023年7月材料领用            )
A1: 2023年7月份深远材料辅件领用清单
A2: 材料代码 | B2: 日期 数量 名称 | C2: 45110 | D2: 45112 | E2: 45114 | F2: 45115 | G2: 45117 | H2: 45119 | I2: 45122 | J2: 45124 | K2: 45126 | L2: 45127 | M2: 45130 | N2: 45133 | BG2: 45134 | BH2: 45136 | BN2: 深远
A3: A1.1811 | B3: PP-CGF+TD235 | BN3: =BM3+BL3+BK3+BJ3+BI3+BH3+BG3+BF3+BE3+BD3+BC3+BB3+BA3+AZ3+AY3+AX3+AW3+AV3+AU3+AT3+AS3+AR3+AQ3+AP3+AO3+AN3+AM3+AL3+AK3+AJ3+AI3+AH3+AG3+AF3+AE3+AD3+AC3+AB3+AA3+Z3+Y3+X3+W3+V3+U3+T3+S3+R3+Q3+P3+O3+N3+M3+L3+K3+J3+I3+H3+G3+F3+E3+D3+C3 -> 0
A4: A1.1812 | B4: PA6 BKV60HZ.0WSS | BN4: =BM4+BL4+BK4+BJ4+BI4+BH4+BG4+BF4+BE4+BD4+BC4+BB4+BA4+AZ4+AY4+AX4+AW4+AV4+AU4+AT4+AS4+AR4+AQ4+AP4+AO4+AN4+AM4+AL4+AK4+AJ4+AI4+AH4+AG4+AF4+AE4+AD4+AC4+AB4+AA4+Z4+Y4+X4+W4+V4+U4+T4+S4+R4+Q4+P4+O4+N4+M4+L4+K4+J4+I4+H4+G4+F4+E4+D4+C4 -> 0
A5: A1.1131 | B5: PA66-FG30A104GH | BN5: =BM5+BL5+BK5+BJ5+BI5+BH5+BG5+BF5+BE5+BD5+BC5+BB5+BA5+AZ5+AY5+AX5+AW5+AV5+AU5+AT5+AS5+AR5+AQ5+AP5+AO5+AN5+AM5+AL5+AK5+AJ5+AI5+AH5+AG5+AF5+AE5+AD5+AC5+AB5+AA5+Z5+Y5+X5+W5+V5+U5+T5+S5+R5+Q5+P5+O5+N5+M5+L5+K5+J5+I5+H5+G5+F5+E5+D5+C5 -> 0
A6: A5.4332 | B6: PA66 101LNC010 | BN6: =BM6+BL6+BK6+BJ6+BI6+BH6+BG6+BF6+BE6+BD6+BC6+BB6+BA6+AZ6+AY6+AX6+AW6+AV6+AU6+AT6+AS6+AR6+AQ6+AP6+AO6+AN6+AM6+AL6+AK6+AJ6+AI6+AH6+AG6+AF6+AE6+AD6+AC6+AB6+AA6+Z6+Y6+X6+W6+V6+U6+T6+S6+R6+Q6+P6+O6+N6+M6+L6+K6+J6+I6+H6+G6+F6+E6+D6+C6 -> 0
A7: A1.4335 | B7: PA66 A3K NC | BN7: =BM7+BL7+BK7+BJ7+BI7+BH7+BG7+BF7+BE7+BD7+BC7+BB7+BA7+AZ7+AY7+AX7+AW7+AV7+AU7+AT7+AS7+AR7+AQ7+AP7+AO7+AN7+AM7+AL7+AK7+AJ7+AI7+AH7+AG7+AF7+AE7+AD7+AC7+AB7+AA7+Z7+Y7+X7+W7+V7+U7+T7+S7+R7+Q7+P7+O7+N7+M7+L7+K7+J7+I7+H7+G7+F7+E7+D7+C7 -> 0
A8: A1.4338 | B8: PA66 C200 BK121 | BN8: =BM8+BL8+BK8+BJ8+BI8+BH8+BG8+BF8+BE8+BD8+BC8+BB8+BA8+AZ8+AY8+AX8+AW8+AV8+AU8+AT8+AS8+AR8+AQ8+AP8+AO8+AN8+AM8+AL8+AK8+AJ8+AI8+AH8+AG8+AF8+AE8+AD8+AC8+AB8+AA8+Z8+Y8+X8+W8+V8+U8+T8+S8+R8+Q8+P8+O8+N8+M8+L8+K8+J8+I8+H8+G8+F8+E8+D8+C8 -> 0
A9: A1.4354 | B9: PA66GF30AKROM117 | BN9: =BM9+BL9+BK9+BJ9+BI9+BH9+BG9+BF9+BE9+BD9+BC9+BB9+BA9+AZ9+AY9+AX9+AW9+AV9+AU9+AT9+AS9+AR9+AQ9+AP9+AO9+AN9+AM9+AL9+AK9+AJ9+AI9+AH9+AG9+AF9+AE9+AD9+AC9+AB9+AA9+Z9+Y9+X9+W9+V9+U9+T9+S9+R9+Q9+P9+O9+N9+M9+L9+K9+J9+I9+H9+G9+F9+E9+D9+C9 -> 0
A10: A1.4377 | B10: PA6 ALCOM GF10 | I10: 3200 | BN10: =BM10+BL10+BK10+BJ10+BI10+BH10+BG10+BF10+BE10+BD10+BC10+BB10+BA10+AZ10+AY10+AX10+AW10+AV10+AU10+AT10+AS10+AR10+AQ10+AP10+AO10+AN10+AM10+AL10+AK10+AJ10+AI10+AH10+AG10+AF10+AE10+AD10+AC10+AB10+AA10+Z10+Y10+X10+W10+V10+U10+T10+S10+R10+Q10+P10+O10+N10+M10+L10+K10+J10+I10+H10+G10+F10+E10+D10+C10 -> 3200
A11: A1.4404 | B11: PBTGFH | BN11: =BM11+BL11+BK11+BJ11+BI11+BH11+BG11+BF11+BE11+BD11+BC11+BB11+BA11+AZ11+AY11+AX11+AW11+AV11+AU11+AT11+AS11+AR11+AQ11+AP11+AO11+AN11+AM11+AL11+AK11+AJ11+AI11+AH11+AG11+AF11+AE11+AD11+AC11+AB11+AA11+Z11+Y11+X11+W11+V11+U11+T11+S11+R11+Q11+P11+O11+N11+M11+L11+K11+J11+I11+H11+G11+F11+E11+D11+C11 -> 0
A12: A1.4425 | B12: PBTPETGF15DSP8T | BN12: =BM12+BL12+BK12+BJ12+BI12+BH12+BG12+BF12+BE12+BD12+BC12+BB12+BA12+AZ12+AY12+AX12+AW12+AV12+AU12+AT12+AS12+AR12+AQ12+AP12+AO12+AN12+AM12+AL12+AK12+AJ12+AI12+AH12+AG12+AF12+AE12+AD12+AC12+AB12+AA12+Z12+Y12+X12+W12+V12+U12+T12+S12+R12+Q12+P12+O12+N12+M12+L12+K12+J12+I12+H12+G12+F12+E12+D12+C12 -> 0
A13: A1.5108 | B13: POM3807 | BN13: =BM13+BL13+BK13+BJ13+BI13+BH13+BG13+BF13+BE13+BD13+BC13+BB13+BA13+AZ13+AY13+AX13+AW13+AV13+AU13+AT13+AS13+AR13+AQ13+AP13+AO13+AN13+AM13+AL13+AK13+AJ13+AI13+AH13+AG13+AF13+AE13+AD13+AC13+AB13+AA13+Z13+Y13+X13+W13+V13+U13+T13+S13+R13+Q13+P13+O13+N13+M13+L13+K13+J13+I13+H13+G13+F13+E13+D13+C13 -> 0
A14: A1.5109 | B14: POM 588PWC-4D637 | BN14: =BM14+BL14+BK14+BJ14+BI14+BH14+BG14+BF14+BE14+BD14+BC14+BB14+BA14+AZ14+AY14+AX14+AW14+AV14+AU14+AT14+AS14+AR14+AQ14+AP14+AO14+AN14+AM14+AL14+AK14+AJ14+AI14+AH14+AG14+AF14+AE14+AD14+AC14+AB14+AA14+Z14+Y14+X14+W14+V14+U14+T14+S14+R14+Q14+P14+O14+N14+M14+L14+K14+J14+I14+H14+G14+F14+E14+D14+C14 -> 0
A15: A1.5227 | B15: TPO CPREPND TD20 | BN15: =BM15+BL15+BK15+BJ15+BI15+BH15+BG15+BF15+BE15+BD15+BC15+BB15+BA15+AZ15+AY15+AX15+AW15+AV15+AU15+AT15+AS15+AR15+AQ15+AP15+AO15+AN15+AM15+AL15+AK15+AJ15+AI15+AH15+AG15+AF15+AE15+AD15+AC15+AB15+AA15+Z15+Y15+X15+W15+V15+U15+T15+S15+R15+Q15+P15+O15+N15+M15+L15+K15+J15+I15+H15+G15+F15+E15+D15+C15 -> 0
A16: A1.5230 | B16: PPC3122F-M117 | BN16: =BM16+BL16+BK16+BJ16+BI16+BH16+BG16+BF16+BE16+BD16+BC16+BB16+BA16+AZ16+AY16+AX16+AW16+AV16+AU16+AT16+AS16+AR16+AQ16+AP16+AO16+AN16+AM16+AL16+AK16+AJ16+AI16+AH16+AG16+AF16+AE16+AD16+AC16+AB16+AA16+Z16+Y16+X16+W16+V16+U16+T16+S16+R16+Q16+P16+O16+N16+M16+L16+K16+J16+I16+H16+G16+F16+E16+D16+C16 -> 0
A17: A1.5231 | B17: PPC3322T | BN17: =BM17+BL17+BK17+BJ17+BI17+BH17+BG17+BF17+BE17+BD17+BC17+BB17+BA17+AZ17+AY17+AX17+AW17+AV17+AU17+AT17+AS17+AR17+AQ17+AP17+AO17+AN17+AM17+AL17+AK17+AJ17+AI17+AH17+AG17+AF17+AE17+AD17+AC17+AB17+AA17+Z17+Y17+X17+W17+V17+U17+T17+S17+R17+Q17+P17+O17+N17+M17+L17+K17+J17+I17+H17+G17+F17+E17+D17+C17 -> 0
A18: A1.5232 | B18: PPC3322T -M125(JM8) | C18: 1000 | D18: 150 | K18: 250 | M18: 1000 | BN18: =BM18+BL18+BK18+BJ18+BI18+BH18+BG18+BF18+BE18+BD18+BC18+BB18+BA18+AZ18+AY18+AX18+AW18+AV18+AU18+AT18+AS18+AR18+AQ18+AP18+AO18+AN18+AM18+AL18+AK18+AJ18+AI18+AH18+AG18+AF18+AE18+AD18+AC18+AB18+AA18+Z18+Y18+X18+W18+V18+U18+T18+S18+R18+Q18+P18+O18+N18+M18+L18+K18+J18+I18+H18+G18+F18+E18+D18+C18 -> 2400
A19: A1.5260 | B19: PP +EPDM+T20EG299 | BN19: =BM19+BL19+BK19+BJ19+BI19+BH19+BG19+BF19+BE19+BD19+BC19+BB19+BA19+AZ19+AY19+AX19+AW19+AV19+AU19+AT19+AS19+AR19+AQ19+AP19+AO19+AN19+AM19+AL19+AK19+AJ19+AI19+AH19+AG19+AF19+AE19+AD19+AC19+AB19+AA19+Z19+Y19+X19+W19+V19+U19+T19+S19+R19+Q19+P19+O19+N19+M19+L19+K19+J19+I19+H19+G19+F19+E19+D19+C19 -> 0
A20: A1.5264 | D20: 4000 | M20: 4000 | BN20: =BM20+BL20+BK20+BJ20+BI20+BH20+BG20+BF20+BE20+BD20+BC20+BB20+BA20+AZ20+AY20+AX20+AW20+AV20+AU20+AT20+AS20+AR20+AQ20+AP20+AO20+AN20+AM20+AL20+AK20+AJ20+AI20+AH20+AG20+AF20+AE20+AD20+AC20+AB20+AA20+Z20+Y20+X20+W20+V20+U20+T20+S20+R20+Q20+P20+O20+N20+M20+L20+K20+J20+I20+H20+G20+F20+E20+D20+C20 -> 8000
A21: A1.5313 | B21: PPGF30 HSBK011 | C21: 1000 | BN21: =BM21+BL21+BK21+BJ21+BI21+BH21+BG21+BF21+BE21+BD21+BC21+BB21+BA21+AZ21+AY21+AX21+AW21+AV21+AU21+AT21+AS21+AR21+AQ21+AP21+AO21+AN21+AM21+AL21+AK21+AJ21+AI21+AH21+AG21+AF21+AE21+AD21+AC21+AB21+AA21+Z21+Y21+X21+W21+V21+U21+T21+S21+R21+Q21+P21+O21+N21+M21+L21+K21+J21+I21+H21+G21+F21+E21+D21+C21 -> 1000
A22: A1.5157 | B22: POM M9044 | BN22: =BM22+BL22+BK22+BJ22+BI22+BH22+BG22+BF22+BE22+BD22+BC22+BB22+BA22+AZ22+AY22+AX22+AW22+AV22+AU22+AT22+AS22+AR22+AQ22+AP22+AO22+AN22+AM22+AL22+AK22+AJ22+AI22+AH22+AG22+AF22+AE22+AD22+AC22+AB22+AA22+Z22+Y22+X22+W22+V22+U22+T22+S22+R22+Q22+P22+O22+N22+M22+L22+K22+J22+I22+H22+G22+F22+E22+D22+C22 -> 0
A23: A1.5193 | B23: PP A422 GM304C | BN23: =BM23+BL23+BK23+BJ23+BI23+BH23+BG23+BF23+BE23+BD23+BC23+BB23+BA23+AZ23+AY23+AX23+AW23+AV23+AU23+AT23+AS23+AR23+AQ23+AP23+AO23+AN23+AM23+AL23+AK23+AJ23+AI23+AH23+AG23+AF23+AE23+AD23+AC23+AB23+AA23+Z23+Y23+X23+W23+V23+U23+T23+S23+R23+Q23+P23+O23+N23+M23+L23+K23+J23+I23+H23+G23+F23+E23+D23+C23 -> 0
A24: A1.5195 | B24: PP A422L630 | I24: 1000 | BN24: =BM24+BL24+BK24+BJ24+BI24+BH24+BG24+BF24+BE24+BD24+BC24+BB24+BA24+AZ24+AY24+AX24+AW24+AV24+AU24+AT24+AS24+AR24+AQ24+AP24+AO24+AN24+AM24+AL24+AK24+AJ24+AI24+AH24+AG24+AF24+AE24+AD24+AC24+AB24+AA24+Z24+Y24+X24+W24+V24+U24+T24+S24+R24+Q24+P24+O24+N24+M24+L24+K24+J24+I24+H24+G24+F24+E24+D24+C24 -> 1000
A25: A1.5228 | B25: PP C332EF M12FCB | BN25: =BM25+BL25+BK25+BJ25+BI25+BH25+BG25+BF25+BE25+BD25+BC25+BB25+BA25+AZ25+AY25+AX25+AW25+AV25+AU25+AT25+AS25+AR25+AQ25+AP25+AO25+AN25+AM25+AL25+AK25+AJ25+AI25+AH25+AG25+AF25+AE25+AD25+AC25+AB25+AA25+Z25+Y25+X25+W25+V25+U25+T25+S25+R25+Q25+P25+O25+N25+M25+L25+K25+J25+I25+H25+G25+F25+E25+D25+C25 -> 0
A26: A1.5233 | B26: PP C33207 M12F | BN26: =BM26+BL26+BK26+BJ26+BI26+BH26+BG26+BF26+BE26+BD26+BC26+BB26+BA26+AZ26+AY26+AX26+AW26+AV26+AU26+AT26+AS26+AR26+AQ26+AP26+AO26+AN26+AM26+AL26+AK26+AJ26+AI26+AH26+AG26+AF26+AE26+AD26+AC26+AB26+AA26+Z26+Y26+X26+W26+V26+U26+T26+S26+R26+Q26+P26+O26+N26+M26+L26+K26+J26+I26+H26+G26+F26+E26+D26+C26 -> 0
A27: A1.5236 | B27: PP C654OL-638B | K27: 1000 | N27: -150 | BN27: =BM27+BL27+BK27+BJ27+BI27+BH27+BG27+BF27+BE27+BD27+BC27+BB27+BA27+AZ27+AY27+AX27+AW27+AV27+AU27+AT27+AS27+AR27+AQ27+AP27+AO27+AN27+AM27+AL27+AK27+AJ27+AI27+AH27+AG27+AF27+AE27+AD27+AC27+AB27+AA27+Z27+Y27+X27+W27+V27+U27+T27+S27+R27+Q27+P27+O27+N27+M27+L27+K27+J27+I27+H27+G27+F27+E27+D27+C27 -> 850
A28: A1.5326 | B28: PP H1407R | K28: 125 | BH28: 375 | BN28: =BM28+BL28+BK28+BJ28+BI28+BH28+BG28+BF28+BE28+BD28+BC28+BB28+BA28+AZ28+AY28+AX28+AW28+AV28+AU28+AT28+AS28+AR28+AQ28+AP28+AO28+AN28+AM28+AL28+AK28+AJ28+AI28+AH28+AG28+AF28+AE28+AD28+AC28+AB28+AA28+Z28+Y28+X28+W28+V28+U28+T28+S28+R28+Q28+P28+O28+N28+M28+L28+K28+J28+I28+H28+G28+F28+E28+D28+C28 -> 500
A29: A1.5328 | B29: PP11FX TYC1152PBK | BN29: =BM29+BL29+BK29+BJ29+BI29+BH29+BG29+BF29+BE29+BD29+BC29+BB29+BA29+AZ29+AY29+AX29+AW29+AV29+AU29+AT29+AS29+AR29+AQ29+AP29+AO29+AN29+AM29+AL29+AK29+AJ29+AI29+AH29+AG29+AF29+AE29+AD29+AC29+AB29+AA29+Z29+Y29+X29+W29+V29+U29+T29+S29+R29+Q29+P29+O29+N29+M29+L29+K29+J29+I29+H29+G29+F29+E29+D29+C29 -> 0
A30: A1.5345 | B30: PP MD20 ECO | BN30: =BM30+BL30+BK30+BJ30+BI30+BH30+BG30+BF30+BE30+BD30+BC30+BB30+BA30+AZ30+AY30+AX30+AW30+AV30+AU30+AT30+AS30+AR30+AQ30+AP30+AO30+AN30+AM30+AL30+AK30+AJ30+AI30+AH30+AG30+AF30+AE30+AD30+AC30+AB30+AA30+Z30+Y30+X30+W30+V30+U30+T30+S30+R30+Q30+P30+O30+N30+M30+L30+K30+J30+I30+H30+G30+F30+E30+D30+C30 -> 0
A31: A1.5357 | BN31: =BM31+BL31+BK31+BJ31+BI31+BH31+BG31+BF31+BE31+BD31+BC31+BB31+BA31+AZ31+AY31+AX31+AW31+AV31+AU31+AT31+AS31+AR31+AQ31+AP31+AO31+AN31+AM31+AL31+AK31+AJ31+AI31+AH31+AG31+AF31+AE31+AD31+AC31+AB31+AA31+Z31+Y31+X31+W31+V31+U31+T31+S31+R31+Q31+P31+O31+N31+M31+L31+K31+J31+I31+H31+G31+F31+E31+D31+C31 -> 0
A32: A1.5358 | B32: PP-T20A5132T(JM8) | M32: 1000 | BN32: =BM32+BL32+BK32+BJ32+BI32+BH32+BG32+BF32+BE32+BD32+BC32+BB32+BA32+AZ32+AY32+AX32+AW32+AV32+AU32+AT32+AS32+AR32+AQ32+AP32+AO32+AN32+AM32+AL32+AK32+AJ32+AI32+AH32+AG32+AF32+AE32+AD32+AC32+AB32+AA32+Z32+Y32+X32+W32+V32+U32+T32+S32+R32+Q32+P32+O32+N32+M32+L32+K32+J32+I32+H32+G32+F32+E32+D32+C32 -> 1000
A33: A1.5380 | B33: PP TD17 BMV214W | K33: 1000 | BN33: =BM33+BL33+BK33+BJ33+BI33+BH33+BG33+BF33+BE33+BD33+BC33+BB33+BA33+AZ33+AY33+AX33+AW33+AV33+AU33+AT33+AS33+AR33+AQ33+AP33+AO33+AN33+AM33+AL33+AK33+AJ33+AI33+AH33+AG33+AF33+AE33+AD33+AC33+AB33+AA33+Z33+Y33+X33+W33+V33+U33+T33+S33+R33+Q33+P33+O33+N33+M33+L33+K33+J33+I33+H33+G33+F33+E33+D33+C33 -> 1000
A34: A1.5386 | B34: PPTYC 852P | BN34: =BM34+BL34+BK34+BJ34+BI34+BH34+BG34+BF34+BE34+BD34+BC34+BB34+BA34+AZ34+AY34+AX34+AW34+AV34+AU34+AT34+AS34+AR34+AQ34+AP34+AO34+AN34+AM34+AL34+AK34+AJ34+AI34+AH34+AG34+AF34+AE34+AD34+AC34+AB34+AA34+Z34+Y34+X34+W34+V34+U34+T34+S34+R34+Q34+P34+O34+N34+M34+L34+K34+J34+I34+H34+G34+F34+E34+D34+C34 -> 0
A35: A1.5388 | B35: PP/EPD121 | BN35: =BM35+BL35+BK35+BJ35+BI35+BH35+BG35+BF35+BE35+BD35+BC35+BB35+BA35+AZ35+AY35+AX35+AW35+AV35+AU35+AT35+AS35+AR35+AQ35+AP35+AO35+AN35+AM35+AL35+AK35+AJ35+AI35+AH35+AG35+AF35+AE35+AD35+AC35+AB35+AA35+Z35+Y35+X35+W35+V35+U35+T35+S35+R35+Q35+P35+O35+N35+M35+L35+K35+J35+I35+H35+G35+F35+E35+D35+C35 -> 0
A36: A1.5420 | B36: PP+EPPM+T20 | K36: 1000 | BN36: =BM36+BL36+BK36+BJ36+BI36+BH36+BG36+BF36+BE36+BD36+BC36+BB36+BA36+AZ36+AY36+AX36+AW36+AV36+AU36+AT36+AS36+AR36+AQ36+AP36+AO36+AN36+AM36+AL36+AK36+AJ36+AI36+AH36+AG36+AF36+AE36+AD36+AC36+AB36+AA36+Z36+Y36+X36+W36+V36+U36+T36+S36+R36+Q36+P36+O36+N36+M36+L36+K36+J36+I36+H36+G36+F36+E36+D36+C36 -> 1000
A37: A1.5422 | B37: PP+EPPM+TD20 | K37: 1000 | BN37: =BM37+BL37+BK37+BJ37+BI37+BH37+BG37+BF37+BE37+BD37+BC37+BB37+BA37+AZ37+AY37+AX37+AW37+AV37+AU37+AT37+AS37+AR37+AQ37+AP37+AO37+AN37+AM37+AL37+AK37+AJ37+AI37+AH37+AG37+AF37+AE37+AD37+AC37+AB37+AA37+Z37+Y37+X37+W37+V37+U37+T37+S37+R37+Q37+P37+O37+N37+M37+L37+K37+J37+I37+H37+G37+F37+E37+D37+C37 -> 1000
A38: A1.4166 | B38: ABS HH106 | BN38: =BM38+BL38+BK38+BJ38+BI38+BH38+BG38+BF38+BE38+BD38+BC38+BB38+BA38+AZ38+AY38+AX38+AW38+AV38+AU38+AT38+AS38+AR38+AQ38+AP38+AO38+AN38+AM38+AL38+AK38+AJ38+AI38+AH38+AG38+AF38+AE38+AD38+AC38+AB38+AA38+Z38+Y38+X38+W38+V38+U38+T38+S38+R38+Q38+P38+O38+N38+M38+L38+K38+J38+I38+H38+G38+F38+E38+D38+C38 -> 0
A39: A1.5413 | B39: PP+EPDM+HTTD020 | D39: 1000 | J39: 1000 | BN39: =BM39+BL39+BK39+BJ39+BI39+BH39+BG39+BF39+BE39+BD39+BC39+BB39+BA39+AZ39+AY39+AX39+AW39+AV39+AU39+AT39+AS39+AR39+AQ39+AP39+AO39+AN39+AM39+AL39+AK39+AJ39+AI39+AH39+AG39+AF39+AE39+AD39+AC39+AB39+AA39+Z39+Y39+X39+W39+V39+U39+T39+S39+R39+Q39+P39+O39+N39+M39+L39+K39+J39+I39+H39+G39+F39+E39+D39+C39 -> 2000
A40: A1.5493 | B40: TEO-3000-60A黑 | BN40: =BM40+BL40+BK40+BJ40+BI40+BH40+BG40+BF40+BE40+BD40+BC40+BB40+BA40+AZ40+AY40+AX40+AW40+AV40+AU40+AT40+AS40+AR40+AQ40+AP40+AO40+AN40+AM40+AL40+AK40+AJ40+AI40+AH40+AG40+AF40+AE40+AD40+AC40+AB40+AA40+Z40+Y40+X40+W40+V40+U40+T40+S40+R40+Q40+P40+O40+N40+M40+L40+K40+J40+I40+H40+G40+F40+E40+D40+C40 -> 0
A41: A1.5511 | B41: TPE AT7210-70 | BN41: =BM41+BL41+BK41+BJ41+BI41+BH41+BG41+BF41+BE41+BD41+BC41+BB41+BA41+AZ41+AY41+AX41+AW41+AV41+AU41+AT41+AS41+AR41+AQ41+AP41+AO41+AN41+AM41+AL41+AK41+AJ41+AI41+AH41+AG41+AF41+AE41+AD41+AC41+AB41+AA41+Z41+Y41+X41+W41+V41+U41+T41+S41+R41+Q41+P41+O41+N41+M41+L41+K41+J41+I41+H41+G41+F41+E41+D41+C41 -> 0
A42: A1.5779 | B42: PP-T6326A15 | BN42: =BM42+BL42+BK42+BJ42+BI42+BH42+BG42+BF42+BE42+BD42+BC42+BB42+BA42+AZ42+AY42+AX42+AW42+AV42+AU42+AT42+AS42+AR42+AQ42+AP42+AO42+AN42+AM42+AL42+AK42+AJ42+AI42+AH42+AG42+AF42+AE42+AD42+AC42+AB42+AA42+Z42+Y42+X42+W42+V42+U42+T42+S42+R42+Q42+P42+O42+N42+M42+L42+K42+J42+I42+H42+G42+F42+E42+D42+C42 -> 0
A43: A1.4513 | B43: PA6-MG30 HSBK006 | BN43: =BM43+BL43+BK43+BJ43+BI43+BH43+BG43+BF43+BE43+BD43+BC43+BB43+BA43+AZ43+AY43+AX43+AW43+AV43+AU43+AT43+AS43+AR43+AQ43+AP43+AO43+AN43+AM43+AL43+AK43+AJ43+AI43+AH43+AG43+AF43+AE43+AD43+AC43+AB43+AA43+Z43+Y43+X43+W43+V43+U43+T43+S43+R43+Q43+P43+O43+N43+M43+L43+K43+J43+I43+H43+G43+F43+E43+D43+C43 -> 0
A44: A1.4681 | B44: PC/ABS CB2340 | C44: 500 | K44: 300 | BN44: =BM44+BL44+BK44+BJ44+BI44+BH44+BG44+BF44+BE44+BD44+BC44+BB44+BA44+AZ44+AY44+AX44+AW44+AV44+AU44+AT44+AS44+AR44+AQ44+AP44+AO44+AN44+AM44+AL44+AK44+AJ44+AI44+AH44+AG44+AF44+AE44+AD44+AC44+AB44+AA44+Z44+Y44+X44+W44+V44+U44+T44+S44+R44+Q44+P44+O44+N44+M44+L44+K44+J44+I44+H44+G44+F44+E44+D44+C44 -> 800
A45: A1.5311 | B45: GFPP-30 FRBK101 | BN45: =BM45+BL45+BK45+BJ45+BI45+BH45+BG45+BF45+BE45+BD45+BC45+BB45+BA45+AZ45+AY45+AX45+AW45+AV45+AU45+AT45+AS45+AR45+AQ45+AP45+AO45+AN45+AM45+AL45+AK45+AJ45+AI45+AH45+AG45+AF45+AE45+AD45+AC45+AB45+AA45+Z45+Y45+X45+W45+V45+U45+T45+S45+R45+Q45+P45+O45+N45+M45+L45+K45+J45+I45+H45+G45+F45+E45+D45+C45 -> 0
A46: A1.4214 | B46: APO 0816 JA6 BK | BN46: =BM46+BL46+BK46+BJ46+BI46+BH46+BG46+BF46+BE46+BD46+BC46+BB46+BA46+AZ46+AY46+AX46+AW46+AV46+AU46+AT46+AS46+AR46+AQ46+AP46+AO46+AN46+AM46+AL46+AK46+AJ46+AI46+AH46+AG46+AF46+AE46+AD46+AC46+AB46+AA46+Z46+Y46+X46+W46+V46+U46+T46+S46+R46+Q46+P46+O46+N46+M46+L46+K46+J46+I46+H46+G46+F46+E46+D46+C46 -> 0
A47: A1.4216 | B47: APO-CM308 BK001 | C47: 5000 | J47: 7000 | BN47: =BM47+BL47+BK47+BJ47+BI47+BH47+BG47+BF47+BE47+BD47+BC47+BB47+BA47+AZ47+AY47+AX47+AW47+AV47+AU47+AT47+AS47+AR47+AQ47+AP47+AO47+AN47+AM47+AL47+AK47+AJ47+AI47+AH47+AG47+AF47+AE47+AD47+AC47+AB47+AA47+Z47+Y47+X47+W47+V47+U47+T47+S47+R47+Q47+P47+O47+N47+M47+L47+K47+J47+I47+H47+G47+F47+E47+D47+C47 -> 12000
A48: A1.4217 | B48: APO-CM308 WHZJE | BN48: =BM48+BL48+BK48+BJ48+BI48+BH48+BG48+BF48+BE48+BD48+BC48+BB48+BA48+AZ48+AY48+AX48+AW48+AV48+AU48+AT48+AS48+AR48+AQ48+AP48+AO48+AN48+AM48+AL48+AK48+AJ48+AI48+AH48+AG48+AF48+AE48+AD48+AC48+AB48+AA48+Z48+Y48+X48+W48+V48+U48+T48+S48+R48+Q48+P48+O48+N48+M48+L48+K48+J48+I48+H48+G48+F48+E48+D48+C48 -> 0
A49: A1.4219 | B49: ASA 777K | BN49: =BM49+BL49+BK49+BJ49+BI49+BH49+BG49+BF49+BE49+BD49+BC49+BB49+BA49+AZ49+AY49+AX49+AW49+AV49+AU49+AT49+AS49+AR49+AQ49+AP49+AO49+AN49+AM49+AL49+AK49+AJ49+AI49+AH49+AG49+AF49+AE49+AD49+AC49+AB49+AA49+Z49+Y49+X49+W49+V49+U49+T49+S49+R49+Q49+P49+O49+N49+M49+L49+K49+J49+I49+H49+G49+F49+E49+D49+C49 -> 0
A50: A1.4299 | B50: PA6BKV60H21090016 | I50: 1000 | BN50: =BM50+BL50+BK50+BJ50+BI50+BH50+BG50+BF50+BE50+BD50+BC50+BB50+BA50+AZ50+AY50+AX50+AW50+AV50+AU50+AT50+AS50+AR50+AQ50+AP50+AO50+AN50+AM50+AL50+AK50+AJ50+AI50+AH50+AG50+AF50+AE50+AD50+AC50+AB50+AA50+Z50+Y50+X50+W50+V50+U50+T50+S50+R50+Q50+P50+O50+N50+M50+L50+K50+J50+I50+H50+G50+F50+E50+D50+C50 -> 1000
A51: A1.4317 | B51: PA6-MG30 HSBK006 | C51: 1000 | G51: 4000 | M51: 2000 | BN51: =BM51+BL51+BK51+BJ51+BI51+BH51+BG51+BF51+BE51+BD51+BC51+BB51+BA51+AZ51+AY51+AX51+AW51+AV51+AU51+AT51+AS51+AR51+AQ51+AP51+AO51+AN51+AM51+AL51+AK51+AJ51+AI51+AH51+AG51+AF51+AE51+AD51+AC51+AB51+AA51+Z51+Y51+X51+W51+V51+U51+T51+S51+R51+Q51+P51+O51+N51+M51+L51+K51+J51+I51+H51+G51+F51+E51+D51+C51 -> 7000
A52: A1.1530/4214 | B52: APO 0816 JA6 BK | BN52: =BM52+BL52+BK52+BJ52+BI52+BH52+BG52+BF52+BE52+BD52+BC52+BB52+BA52+AZ52+AY52+AX52+AW52+AV52+AU52+AT52+AS52+AR52+AQ52+AP52+AO52+AN52+AM52+AL52+AK52+AJ52+AI52+AH52+AG52+AF52+AE52+AD52+AC52+AB52+AA52+Z52+Y52+X52+W52+V52+U52+T52+S52+R52+Q52+P52+O52+N52+M52+L52+K52+J52+I52+H52+G52+F52+E52+D52+C52 -> 0
A53: A1.0329/4679 | B53: PC/ABS CB2340 | BN53: =BM53+BL53+BK53+BJ53+BI53+BH53+BG53+BF53+BE53+BD53+BC53+BB53+BA53+AZ53+AY53+AX53+AW53+AV53+AU53+AT53+AS53+AR53+AQ53+AP53+AO53+AN53+AM53+AL53+AK53+AJ53+AI53+AH53+AG53+AF53+AE53+AD53+AC53+AB53+AA53+Z53+Y53+X53+W53+V53+U53+T53+S53+R53+Q53+P53+O53+N53+M53+L53+K53+J53+I53+H53+G53+F53+E53+D53+C53 -> 0
A54: A1.5777 | B54: 耐磨块色母 | BN54: =BM54+BL54+BK54+BJ54+BI54+BH54+BG54+BF54+BE54+BD54+BC54+BB54+BA54+AZ54+AY54+AX54+AW54+AV54+AU54+AT54+AS54+AR54+AQ54+AP54+AO54+AN54+AM54+AL54+AK54+AJ54+AI54+AH54+AG54+AF54+AE54+AD54+AC54+AB54+AA54+Z54+Y54+X54+W54+V54+U54+T54+S54+R54+Q54+P54+O54+N54+M54+L54+K54+J54+I54+H54+G54+F54+E54+D54+C54 -> 0
A55: A1.5957 | B55: PP糖色 | K55: 300 | BN55: =BM55+BL55+BK55+BJ55+BI55+BH55+BG55+BF55+BE55+BD55+BC55+BB55+BA55+AZ55+AY55+AX55+AW55+AV55+AU55+AT55+AS55+AR55+AQ55+AP55+AO55+AN55+AM55+AL55+AK55+AJ55+AI55+AH55+AG55+AF55+AE55+AD55+AC55+AB55+AA55+Z55+Y55+X55+W55+V55+U55+T55+S55+R55+Q55+P55+O55+N55+M55+L55+K55+J55+I55+H55+G55+F55+E55+D55+C55 -> 300
A56: A5.4066 | B56: ABS EF378L | BN56: =BM56+BL56+BK56+BJ56+BI56+BH56+BG56+BF56+BE56+BD56+BC56+BB56+BA56+AZ56+AY56+AX56+AW56+AV56+AU56+AT56+AS56+AR56+AQ56+AP56+AO56+AN56+AM56+AL56+AK56+AJ56+AI56+AH56+AG56+AF56+AE56+AD56+AC56+AB56+AA56+Z56+Y56+X56+W56+V56+U56+T56+S56+R56+Q56+P56+O56+N56+M56+L56+K56+J56+I56+H56+G56+F56+E56+D56+C56 -> 0
A57: A5.4116 | B57: ABS HF380 8H408 | BN57: =BM57+BL57+BK57+BJ57+BI57+BH57+BG57+BF57+BE57+BD57+BC57+BB57+BA57+AZ57+AY57+AX57+AW57+AV57+AU57+AT57+AS57+AR57+AQ57+AP57+AO57+AN57+AM57+AL57+AK57+AJ57+AI57+AH57+AG57+AF57+AE57+AD57+AC57+AB57+AA57+Z57+Y57+X57+W57+V57+U57+T57+S57+R57+Q57+P57+O57+N57+M57+L57+K57+J57+I57+H57+G57+F57+E57+D57+C57 -> 0
A58: A5.4145 | B58: ABS NH0700FX | BN58: =BM58+BL58+BK58+BJ58+BI58+BH58+BG58+BF58+BE58+BD58+BC58+BB58+BA58+AZ58+AY58+AX58+AW58+AV58+AU58+AT58+AS58+AR58+AQ58+AP58+AO58+AN58+AM58+AL58+AK58+AJ58+AI58+AH58+AG58+AF58+AE58+AD58+AC58+AB58+AA58+Z58+Y58+X58+W58+V58+U58+T58+S58+R58+Q58+P58+O58+N58+M58+L58+K58+J58+I58+H58+G58+F58+E58+D58+C58 -> 0
A59: A5.4150 | B59: ABS NH0700FX | BN59: =BM59+BL59+BK59+BJ59+BI59+BH59+BG59+BF59+BE59+BD59+BC59+BB59+BA59+AZ59+AY59+AX59+AW59+AV59+AU59+AT59+AS59+AR59+AQ59+AP59+AO59+AN59+AM59+AL59+AK59+AJ59+AI59+AH59+AG59+AF59+AE59+AD59+AC59+AB59+AA59+Z59+Y59+X59+W59+V59+U59+T59+S59+R59+Q59+P59+O59+N59+M59+L59+K59+J59+I59+H59+G59+F59+E59+D59+C59 -> 0
A60: A5.4190 | B60: ABS EFJ31-450 | BN60: =BM60+BL60+BK60+BJ60+BI60+BH60+BG60+BF60+BE60+BD60+BC60+BB60+BA60+AZ60+AY60+AX60+AW60+AV60+AU60+AT60+AS60+AR60+AQ60+AP60+AO60+AN60+AM60+AL60+AK60+AJ60+AI60+AH60+AG60+AF60+AE60+AD60+AC60+AB60+AA60+Z60+Y60+X60+W60+V60+U60+T60+S60+R60+Q60+P60+O60+N60+M60+L60+K60+J60+I60+H60+G60+F60+E60+D60+C60 -> 0
A61: A5.4202 | B61: ABS J5 139712-2 | BN61: =BM61+BL61+BK61+BJ61+BI61+BH61+BG61+BF61+BE61+BD61+BC61+BB61+BA61+AZ61+AY61+AX61+AW61+AV61+AU61+AT61+AS61+AR61+AQ61+AP61+AO61+AN61+AM61+AL61+AK61+AJ61+AI61+AH61+AG61+AF61+AE61+AD61+AC61+AB61+AA61+Z61+Y61+X61+W61+V61+U61+T61+S61+R61+Q61+P61+O61+N61+M61+L61+K61+J61+I61+H61+G61+F61+E61+D61+C61 -> 0
A62: A5.4619 | B62: PC MN3600H CM052H | BN62: =BM62+BL62+BK62+BJ62+BI62+BH62+BG62+BF62+BE62+BD62+BC62+BB62+BA62+AZ62+AY62+AX62+AW62+AV62+AU62+AT62+AS62+AR62+AQ62+AP62+AO62+AN62+AM62+AL62+AK62+AJ62+AI62+AH62+AG62+AF62+AE62+AD62+AC62+AB62+AA62+Z62+Y62+X62+W62+V62+U62+T62+S62+R62+Q62+P62+O62+N62+M62+L62+K62+J62+I62+H62+G62+F62+E62+D62+C62 -> 0
A63: A5.4620 | B63: PC MN3600H | BN63: =BM63+BL63+BK63+BJ63+BI63+BH63+BG63+BF63+BE63+BD63+BC63+BB63+BA63+AZ63+AY63+AX63+AW63+AV63+AU63+AT63+AS63+AR63+AQ63+AP63+AO63+AN63+AM63+AL63+AK63+AJ63+AI63+AH63+AG63+AF63+AE63+AD63+AC63+AB63+AA63+Z63+Y63+X63+W63+V63+U63+T63+S63+R63+Q63+P63+O63+N63+M63+L63+K63+J63+I63+H63+G63+F63+E63+D63+C63 -> 0
A64: A5.4679 | BN64: =BM64+BL64+BK64+BJ64+BI64+BH64+BG64+BF64+BE64+BD64+BC64+BB64+BA64+AZ64+AY64+AX64+AW64+AV64+AU64+AT64+AS64+AR64+AQ64+AP64+AO64+AN64+AM64+AL64+AK64+AJ64+AI64+AH64+AG64+AF64+AE64+AD64+AC64+AB64+AA64+Z64+Y64+X64+W64+V64+U64+T64+S64+R64+Q64+P64+O64+N64+M64+L64+K64+J64+I64+H64+G64+F64+E64+D64+C64 -> 0
A65: A5.4332 | BN65: =BM65+BL65+BK65+BJ65+BI65+BH65+BG65+BF65+BE65+BD65+BC65+BB65+BA65+AZ65+AY65+AX65+AW65+AV65+AU65+AT65+AS65+AR65+AQ65+AP65+AO65+AN65+AM65+AL65+AK65+AJ65+AI65+AH65+AG65+AF65+AE65+AD65+AC65+AB65+AA65+Z65+Y65+X65+W65+V65+U65+T65+S65+R65+Q65+P65+O65+N65+M65+L65+K65+J65+I65+H65+G65+F65+E65+D65+C65 -> 0
A66: A5.4830 | BN66: =BM66+BL66+BK66+BJ66+BI66+BH66+BG66+BF66+BE66+BD66+BC66+BB66+BA66+AZ66+AY66+AX66+AW66+AV66+AU66+AT66+AS66+AR66+AQ66+AP66+AO66+AN66+AM66+AL66+AK66+AJ66+AI66+AH66+AG66+AF66+AE66+AD66+AC66+AB66+AA66+Z66+Y66+X66+W66+V66+U66+T66+S66+R66+Q66+P66+O66+N66+M66+L66+K66+J66+I66+H66+G66+F66+E66+D66+C66 -> 0
A67: A5.5167 | B67: POM NW-02C | BN67: =BM67+BL67+BK67+BJ67+BI67+BH67+BG67+BF67+BE67+BD67+BC67+BB67+BA67+AZ67+AY67+AX67+AW67+AV67+AU67+AT67+AS67+AR67+AQ67+AP67+AO67+AN67+AM67+AL67+AK67+AJ67+AI67+AH67+AG67+AF67+AE67+AD67+AC67+AB67+AA67+Z67+Y67+X67+W67+V67+U67+T67+S67+R67+Q67+P67+O67+N67+M67+L67+K67+J67+I67+H67+G67+F67+E67+D67+C67 -> 0
A68: A5.0299 | B68: POM 188P | BN68: =BM68+BL68+BK68+BJ68+BI68+BH68+BG68+BF68+BE68+BD68+BC68+BB68+BA68+AZ68+AY68+AX68+AW68+AV68+AU68+AT68+AS68+AR68+AQ68+AP68+AO68+AN68+AM68+AL68+AK68+AJ68+AI68+AH68+AG68+AF68+AE68+AD68+AC68+AB68+AA68+Z68+Y68+X68+W68+V68+U68+T68+S68+R68+Q68+P68+O68+N68+M68+L68+K68+J68+I68+H68+G68+F68+E68+D68+C68 -> 0
A69: A5.4717 | B69: PC/ABS FR3005 | BN69: =BM69+BL69+BK69+BJ69+BI69+BH69+BG69+BF69+BE69+BD69+BC69+BB69+BA69+AZ69+AY69+AX69+AW69+AV69+AU69+AT69+AS69+AR69+AQ69+AP69+AO69+AN69+AM69+AL69+AK69+AJ69+AI69+AH69+AG69+AF69+AE69+AD69+AC69+AB69+AA69+Z69+Y69+X69+W69+V69+U69+T69+S69+R69+Q69+P69+O69+N69+M69+L69+K69+J69+I69+H69+G69+F69+E69+D69+C69 -> 0
A70: A5.5110 | B70: POM 588P BK602 | BN70: =BM70+BL70+BK70+BJ70+BI70+BH70+BG70+BF70+BE70+BD70+BC70+BB70+BA70+AZ70+AY70+AX70+AW70+AV70+AU70+AT70+AS70+AR70+AQ70+AP70+AO70+AN70+AM70+AL70+AK70+AJ70+AI70+AH70+AG70+AF70+AE70+AD70+AC70+AB70+AA70+Z70+Y70+X70+W70+V70+U70+T70+S70+R70+Q70+P70+O70+N70+M70+L70+K70+J70+I70+H70+G70+F70+E70+D70+C70 -> 0
A71: A5.5111 | B71: POM 188PGY4900 | BN71: =BM71+BL71+BK71+BJ71+BI71+BH71+BG71+BF71+BE71+BD71+BC71+BB71+BA71+AZ71+AY71+AX71+AW71+AV71+AU71+AT71+AS71+AR71+AQ71+AP71+AO71+AN71+AM71+AL71+AK71+AJ71+AI71+AH71+AG71+AF71+AE71+AD71+AC71+AB71+AA71+Z71+Y71+X71+W71+V71+U71+T71+S71+R71+Q71+P71+O71+N71+M71+L71+K71+J71+I71+H71+G71+F71+E71+D71+C71 -> 0
A72: A5.5112 | BN72: =BM72+BL72+BK72+BJ72+BI72+BH72+BG72+BF72+BE72+BD72+BC72+BB72+BA72+AZ72+AY72+AX72+AW72+AV72+AU72+AT72+AS72+AR72+AQ72+AP72+AO72+AN72+AM72+AL72+AK72+AJ72+AI72+AH72+AG72+AF72+AE72+AD72+AC72+AB72+AA72+Z72+Y72+X72+W72+V72+U72+T72+S72+R72+Q72+P72+O72+N72+M72+L72+K72+J72+I72+H72+G72+F72+E72+D72+C72 -> 0
A73: A5.5174 | B73: POM NW-01CD3501 | BN73: =BM73+BL73+BK73+BJ73+BI73+BH73+BG73+BF73+BE73+BD73+BC73+BB73+BA73+AZ73+AY73+AX73+AW73+AV73+AU73+AT73+AS73+AR73+AQ73+AP73+AO73+AN73+AM73+AL73+AK73+AJ73+AI73+AH73+AG73+AF73+AE73+AD73+AC73+AB73+AA73+Z73+Y73+X73+W73+V73+U73+T73+S73+R73+Q73+P73+O73+N73+M73+L73+K73+J73+I73+H73+G73+F73+E73+D73+C73 -> 0
A74: Z8.237 | B74: 外协入库单 | BN74: =BM74+BL74+BK74+BJ74+BI74+BH74+BG74+BF74+BE74+BD74+BC74+BB74+BA74+AZ74+AY74+AX74+AW74+AV74+AU74+AT74+AS74+AR74+AQ74+AP74+AO74+AN74+AM74+AL74+AK74+AJ74+AI74+AH74+AG74+AF74+AE74+AD74+AC74+AB74+AA74+Z74+Y74+X74+W74+V74+U74+T74+S74+R74+Q74+P74+O74+N74+M74+L74+K74+J74+I74+H74+G74+F74+E74+D74+C74 -> 0
A75: ZP.224 | B75: 生产管理表 | BN75: =BM75+BL75+BK75+BJ75+BI75+BH75+BG75+BF75+BE75+BD75+BC75+BB75+BA75+AZ75+AY75+AX75+AW75+AV75+AU75+AT75+AS75+AR75+AQ75+AP75+AO75+AN75+AM75+AL75+AK75+AJ75+AI75+AH75+AG75+AF75+AE75+AD75+AC75+AB75+AA75+Z75+Y75+X75+W75+V75+U75+T75+S75+R75+Q75+P75+O75+N75+M75+L75+K75+J75+I75+H75+G75+F75+E75+D75+C75 -> 0
A76: ZP.221 | B76: 明细书 | BN76: =BM76+BL76+BK76+BJ76+BI76+BH76+BG76+BF76+BE76+BD76+BC76+BB76+BA76+AZ76+AY76+AX76+AW76+AV76+AU76+AT76+AS76+AR76+AQ76+AP76+AO76+AN76+AM76+AL76+AK76+AJ76+AI76+AH76+AG76+AF76+AE76+AD76+AC76+AB76+AA76+Z76+Y76+X76+W76+V76+U76+T76+S76+R76+Q76+P76+O76+N76+M76+L76+K76+J76+I76+H76+G76+F76+E76+D76+C76 -> 0
A77: F2.0380 | B77: 全检票 | BN77: =BM77+BL77+BK77+BJ77+BI77+BH77+BG77+BF77+BE77+BD77+BC77+BB77+BA77+AZ77+AY77+AX77+AW77+AV77+AU77+AT77+AS77+AR77+AQ77+AP77+AO77+AN77+AM77+AL77+AK77+AJ77+AI77+AH77+AG77+AF77+AE77+AD77+AC77+AB77+AA77+Z77+Y77+X77+W77+V77+U77+T77+S77+R77+Q77+P77+O77+N77+M77+L77+K77+J77+I77+H77+G77+F77+E77+D77+C77 -> 0
A78: Z9.268 | B78: 领料单 | BN78: =BM78+BL78+BK78+BJ78+BI78+BH78+BG78+BF78+BE78+BD78+BC78+BB78+BA78+AZ78+AY78+AX78+AW78+AV78+AU78+AT78+AS78+AR78+AQ78+AP78+AO78+AN78+AM78+AL78+AK78+AJ78+AI78+AH78+AG78+AF78+AE78+AD78+AC78+AB78+AA78+Z78+Y78+X78+W78+V78+U78+T78+S78+R78+Q78+P78+O78+N78+M78+L78+K78+J78+I78+H78+G78+F78+E78+D78+C78 -> 0
A79: ZP.173 | B79: 李尔明细书 | J79: 120 | BN79: =BM79+BL79+BK79+BJ79+BI79+BH79+BG79+BF79+BE79+BD79+BC79+BB79+BA79+AZ79+AY79+AX79+AW79+AV79+AU79+AT79+AS79+AR79+AQ79+AP79+AO79+AN79+AM79+AL79+AK79+AJ79+AI79+AH79+AG79+AF79+AE79+AD79+AC79+AB79+AA79+Z79+Y79+X79+W79+V79+U79+T79+S79+R79+Q79+P79+O79+N79+M79+L79+K79+J79+I79+H79+G79+F79+E79+D79+C79 -> 120
A80: F1.0068 | B80: 2735072X | E80: 9000 | BN80: =BM80+BL80+BK80+BJ80+BI80+BH80+BG80+BF80+BE80+BD80+BC80+BB80+BA80+AZ80+AY80+AX80+AW80+AV80+AU80+AT80+AS80+AR80+AQ80+AP80+AO80+AN80+AM80+AL80+AK80+AJ80+AI80+AH80+AG80+AF80+AE80+AD80+AC80+AB80+AA80+Z80+Y80+X80+W80+V80+U80+T80+S80+R80+Q80+P80+O80+N80+M80+L80+K80+J80+I80+H80+G80+F80+E80+D80+C80 -> 9000
A81: F1.0069 | B81: 2735073X | E81: 10000 | BN81: =BM81+BL81+BK81+BJ81+BI81+BH81+BG81+BF81+BE81+BD81+BC81+BB81+BA81+AZ81+AY81+AX81+AW81+AV81+AU81+AT81+AS81+AR81+AQ81+AP81+AO81+AN81+AM81+AL81+AK81+AJ81+AI81+AH81+AG81+AF81+AE81+AD81+AC81+AB81+AA81+Z81+Y81+X81+W81+V81+U81+T81+S81+R81+Q81+P81+O81+N81+M81+L81+K81+J81+I81+H81+G81+F81+E81+D81+C81 -> 10000
A82: F1.0066 | B82: 2735070X | C82: 6000 | E82: 10800 | BN82: =BM82+BL82+BK82+BJ82+BI82+BH82+BG82+BF82+BE82+BD82+BC82+BB82+BA82+AZ82+AY82+AX82+AW82+AV82+AU82+AT82+AS82+AR82+AQ82+AP82+AO82+AN82+AM82+AL82+AK82+AJ82+AI82+AH82+AG82+AF82+AE82+AD82+AC82+AB82+AA82+Z82+Y82+X82+W82+V82+U82+T82+S82+R82+Q82+P82+O82+N82+M82+L82+K82+J82+I82+H82+G82+F82+E82+D82+C82 -> 16800
A83: F1.0271 | B83: COVER贴膜 | J83: 10000 | BN83: =BM83+BL83+BK83+BJ83+BI83+BH83+BG83+BF83+BE83+BD83+BC83+BB83+BA83+AZ83+AY83+AX83+AW83+AV83+AU83+AT83+AS83+AR83+AQ83+AP83+AO83+AN83+AM83+AL83+AK83+AJ83+AI83+AH83+AG83+AF83+AE83+AD83+AC83+AB83+AA83+Z83+Y83+X83+W83+V83+U83+T83+S83+R83+Q83+P83+O83+N83+M83+L83+K83+J83+I83+H83+G83+F83+E83+D83+C83 -> 10000
A84: F1.2287 | B84: 麦拉片 | I84: 12000 | BN84: =BM84+BL84+BK84+BJ84+BI84+BH84+BG84+BF84+BE84+BD84+BC84+BB84+BA84+AZ84+AY84+AX84+AW84+AV84+AU84+AT84+AS84+AR84+AQ84+AP84+AO84+AN84+AM84+AL84+AK84+AJ84+AI84+AH84+AG84+AF84+AE84+AD84+AC84+AB84+AA84+Z84+Y84+X84+W84+V84+U84+T84+S84+R84+Q84+P84+O84+N84+M84+L84+K84+J84+I84+H84+G84+F84+E84+D84+C84 -> 12000
A85: F1.1154 | B85: W71804-5439排力螺母 | J85: 6000 | BN85: =BM85+BL85+BK85+BJ85+BI85+BH85+BG85+BF85+BE85+BD85+BC85+BB85+BA85+AZ85+AY85+AX85+AW85+AV85+AU85+AT85+AS85+AR85+AQ85+AP85+AO85+AN85+AM85+AL85+AK85+AJ85+AI85+AH85+AG85+AF85+AE85+AD85+AC85+AB85+AA85+Z85+Y85+X85+W85+V85+U85+T85+S85+R85+Q85+P85+O85+N85+M85+L85+K85+J85+I85+H85+G85+F85+E85+D85+C85 -> 6000
A86: F1.1551 | B86: 螺钉 | BN86: =BM86+BL86+BK86+BJ86+BI86+BH86+BG86+BF86+BE86+BD86+BC86+BB86+BA86+AZ86+AY86+AX86+AW86+AV86+AU86+AT86+AS86+AR86+AQ86+AP86+AO86+AN86+AM86+AL86+AK86+AJ86+AI86+AH86+AG86+AF86+AE86+AD86+AC86+AB86+AA86+Z86+Y86+X86+W86+V86+U86+T86+S86+R86+Q86+P86+O86+N86+M86+L86+K86+J86+I86+H86+G86+F86+E86+D86+C86 -> 0
A87: F1.1592 | B87: 毛钻 | I87: 5000 | BN87: =BM87+BL87+BK87+BJ87+BI87+BH87+BG87+BF87+BE87+BD87+BC87+BB87+BA87+AZ87+AY87+AX87+AW87+AV87+AU87+AT87+AS87+AR87+AQ87+AP87+AO87+AN87+AM87+AL87+AK87+AJ87+AI87+AH87+AG87+AF87+AE87+AD87+AC87+AB87+AA87+Z87+Y87+X87+W87+V87+U87+T87+S87+R87+Q87+P87+O87+N87+M87+L87+K87+J87+I87+H87+G87+F87+E87+D87+C87 -> 5000
A88: F1.1328 | B88: W710609S | BN88: =BM88+BL88+BK88+BJ88+BI88+BH88+BG88+BF88+BE88+BD88+BC88+BB88+BA88+AZ88+AY88+AX88+AW88+AV88+AU88+AT88+AS88+AR88+AQ88+AP88+AO88+AN88+AM88+AL88+AK88+AJ88+AI88+AH88+AG88+AF88+AE88+AD88+AC88+AB88+AA88+Z88+Y88+X88+W88+V88+U88+T88+S88+R88+Q88+P88+O88+N88+M88+L88+K88+J88+I88+H88+G88+F88+E88+D88+C88 -> 0
A89: F1.1330 | B89: W715645卡扣 | BN89: =BM89+BL89+BK89+BJ89+BI89+BH89+BG89+BF89+BE89+BD89+BC89+BB89+BA89+AZ89+AY89+AX89+AW89+AV89+AU89+AT89+AS89+AR89+AQ89+AP89+AO89+AN89+AM89+AL89+AK89+AJ89+AI89+AH89+AG89+AF89+AE89+AD89+AC89+AB89+AA89+Z89+Y89+X89+W89+V89+U89+T89+S89+R89+Q89+P89+O89+N89+M89+L89+K89+J89+I89+H89+G89+F89+E89+D89+C89 -> 0
A90: F1.1331 | B90: w719189-S403 | BN90: =BM90+BL90+BK90+BJ90+BI90+BH90+BG90+BF90+BE90+BD90+BC90+BB90+BA90+AZ90+AY90+AX90+AW90+AV90+AU90+AT90+AS90+AR90+AQ90+AP90+AO90+AN90+AM90+AL90+AK90+AJ90+AI90+AH90+AG90+AF90+AE90+AD90+AC90+AB90+AA90+Z90+Y90+X90+W90+V90+U90+T90+S90+R90+Q90+P90+O90+N90+M90+L90+K90+J90+I90+H90+G90+F90+E90+D90+C90 -> 0
A91: F1.1536 | B91: 卡子 | I91: 14000 | BN91: =BM91+BL91+BK91+BJ91+BI91+BH91+BG91+BF91+BE91+BD91+BC91+BB91+BA91+AZ91+AY91+AX91+AW91+AV91+AU91+AT91+AS91+AR91+AQ91+AP91+AO91+AN91+AM91+AL91+AK91+AJ91+AI91+AH91+AG91+AF91+AE91+AD91+AC91+AB91+AA91+Z91+Y91+X91+W91+V91+U91+T91+S91+R91+Q91+P91+O91+N91+M91+L91+K91+J91+I91+H91+G91+F91+E91+D91+C91 -> 14000
A92: F1.1537 | B92: 推钉 | I92: 6000 | BN92: =BM92+BL92+BK92+BJ92+BI92+BH92+BG92+BF92+BE92+BD92+BC92+BB92+BA92+AZ92+AY92+AX92+AW92+AV92+AU92+AT92+AS92+AR92+AQ92+AP92+AO92+AN92+AM92+AL92+AK92+AJ92+AI92+AH92+AG92+AF92+AE92+AD92+AC92+AB92+AA92+Z92+Y92+X92+W92+V92+U92+T92+S92+R92+Q92+P92+O92+N92+M92+L92+K92+J92+I92+H92+G92+F92+E92+D92+C92 -> 6000
A93: F1.1572 | B93: VP137346.0004 | BN93: =BM93+BL93+BK93+BJ93+BI93+BH93+BG93+BF93+BE93+BD93+BC93+BB93+BA93+AZ93+AY93+AX93+AW93+AV93+AU93+AT93+AS93+AR93+AQ93+AP93+AO93+AN93+AM93+AL93+AK93+AJ93+AI93+AH93+AG93+AF93+AE93+AD93+AC93+AB93+AA93+Z93+Y93+X93+W93+V93+U93+T93+S93+R93+Q93+P93+O93+N93+M93+L93+K93+J93+I93+H93+G93+F93+E93+D93+C93 -> 0
A94: F1.1756 | B94: W700970 | I94: 15000 | BN94: =BM94+BL94+BK94+BJ94+BI94+BH94+BG94+BF94+BE94+BD94+BC94+BB94+BA94+AZ94+AY94+AX94+AW94+AV94+AU94+AT94+AS94+AR94+AQ94+AP94+AO94+AN94+AM94+AL94+AK94+AJ94+AI94+AH94+AG94+AF94+AE94+AD94+AC94+AB94+AA94+Z94+Y94+X94+W94+V94+U94+T94+S94+R94+Q94+P94+O94+N94+M94+L94+K94+J94+I94+H94+G94+F94+E94+D94+C94 -> 15000
A95: F1.1871 | B95: 限压圆形环9*11*6 | J95: 3000 | BN95: =BM95+BL95+BK95+BJ95+BI95+BH95+BG95+BF95+BE95+BD95+BC95+BB95+BA95+AZ95+AY95+AX95+AW95+AV95+AU95+AT95+AS95+AR95+AQ95+AP95+AO95+AN95+AM95+AL95+AK95+AJ95+AI95+AH95+AG95+AF95+AE95+AD95+AC95+AB95+AA95+Z95+Y95+X95+W95+V95+U95+T95+S95+R95+Q95+P95+O95+N95+M95+L95+K95+J95+I95+H95+G95+F95+E95+D95+C95 -> 3000
A96: F1.1872 | B96: 限压圆形环9*9*6 | J96: 3000 | BN96: =BM96+BL96+BK96+BJ96+BI96+BH96+BG96+BF96+BE96+BD96+BC96+BB96+BA96+AZ96+AY96+AX96+AW96+AV96+AU96+AT96+AS96+AR96+AQ96+AP96+AO96+AN96+AM96+AL96+AK96+AJ96+AI96+AH96+AG96+AF96+AE96+AD96+AC96+AB96+AA96+Z96+Y96+X96+W96+V96+U96+T96+S96+R96+Q96+P96+O96+N96+M96+L96+K96+J96+I96+H96+G96+F96+E96+D96+C96 -> 3000
A97: F1.1956 | B97: 32055435T | BN97: =BM97+BL97+BK97+BJ97+BI97+BH97+BG97+BF97+BE97+BD97+BC97+BB97+BA97+AZ97+AY97+AX97+AW97+AV97+AU97+AT97+AS97+AR97+AQ97+AP97+AO97+AN97+AM97+AL97+AK97+AJ97+AI97+AH97+AG97+AF97+AE97+AD97+AC97+AB97+AA97+Z97+Y97+X97+W97+V97+U97+T97+S97+R97+Q97+P97+O97+N97+M97+L97+K97+J97+I97+H97+G97+F97+E97+D97+C97 -> 0
A98: F1.2108 | B98: 隔音棉 | H98: 3000 | BN98: =BM98+BL98+BK98+BJ98+BI98+BH98+BG98+BF98+BE98+BD98+BC98+BB98+BA98+AZ98+AY98+AX98+AW98+AV98+AU98+AT98+AS98+AR98+AQ98+AP98+AO98+AN98+AM98+AL98+AK98+AJ98+AI98+AH98+AG98+AF98+AE98+AD98+AC98+AB98+AA98+Z98+Y98+X98+W98+V98+U98+T98+S98+R98+Q98+P98+O98+N98+M98+L98+K98+J98+I98+H98+G98+F98+E98+D98+C98 -> 3000
A99: F1.2126 | BN99: =BM99+BL99+BK99+BJ99+BI99+BH99+BG99+BF99+BE99+BD99+BC99+BB99+BA99+AZ99+AY99+AX99+AW99+AV99+AU99+AT99+AS99+AR99+AQ99+AP99+AO99+AN99+AM99+AL99+AK99+AJ99+AI99+AH99+AG99+AF99+AE99+AD99+AC99+AB99+AA99+Z99+Y99+X99+W99+V99+U99+T99+S99+R99+Q99+P99+O99+N99+M99+L99+K99+J99+I99+H99+G99+F99+E99+D99+C99 -> 0
A100: F1.2115 | B100: W714922-S300 | F100: 24000 | N100: 16000 | BN100: =BM100+BL100+BK100+BJ100+BI100+BH100+BG100+BF100+BE100+BD100+BC100+BB100+BA100+AZ100+AY100+AX100+AW100+AV100+AU100+AT100+AS100+AR100+AQ100+AP100+AO100+AN100+AM100+AL100+AK100+AJ100+AI100+AH100+AG100+AF100+AE100+AD100+AC100+AB100+AA100+Z100+Y100+X100+W100+V100+U100+T100+S100+R100+Q100+P100+O100+N100+M100+L100+K100+J100+I100+H100+G100+F100+E100+D100+C100 -> 40000
...

Sheet 2023年6月材料领用           
A1: 2023年6月份深远材料辅件领用清单
A2: 材料代码 | B2: 日期 数量 名称 | C2: 45080 | D2: 45082 | E2: 45083 | F2: 45086 | G2: 45089 | H2: 45090 | I2: 45092 | J2: 45093 | K2: 45094 | L2: 45096 | M2: 45097 | N2: 45102 | BG2: 45103 | BH2: 45105 | BN2: 深远
A3: A1.1811 | B3: PP-CGF+TD235 | BN3: =BM3+BL3+BK3+BJ3+BI3+BH3+BG3+BF3+BE3+BD3+BC3+BB3+BA3+AZ3+AY3+AX3+AW3+AV3+AU3+AT3+AS3+AR3+AQ3+AP3+AO3+AN3+AM3+AL3+AK3+AJ3+AI3+AH3+AG3+AF3+AE3+AD3+AC3+AB3+AA3+Z3+Y3+X3+W3+V3+U3+T3+S3+R3+Q3+P3+O3+N3+M3+L3+K3+J3+I3+H3+G3+F3+E3+D3+C3 -> 0
A4: A1.1812 | B4: PA6 BKV60HZ.0WSS | BN4: =BM4+BL4+BK4+BJ4+BI4+BH4+BG4+BF4+BE4+BD4+BC4+BB4+BA4+AZ4+AY4+AX4+AW4+AV4+AU4+AT4+AS4+AR4+AQ4+AP4+AO4+AN4+AM4+AL4+AK4+AJ4+AI4+AH4+AG4+AF4+AE4+AD4+AC4+AB4+AA4+Z4+Y4+X4+W4+V4+U4+T4+S4+R4+Q4+P4+O4+N4+M4+L4+K4+J4+I4+H4+G4+F4+E4+D4+C4 -> 0
A5: A1.1131 | B5: PA66-FG30A104GH | BN5: =BM5+BL5+BK5+BJ5+BI5+BH5+BG5+BF5+BE5+BD5+BC5+BB5+BA5+AZ5+AY5+AX5+AW5+AV5+AU5+AT5+AS5+AR5+AQ5+AP5+AO5+AN5+AM5+AL5+AK5+AJ5+AI5+AH5+AG5+AF5+AE5+AD5+AC5+AB5+AA5+Z5+Y5+X5+W5+V5+U5+T5+S5+R5+Q5+P5+O5+N5+M5+L5+K5+J5+I5+H5+G5+F5+E5+D5+C5 -> 0
A6: A5.4332 | B6: PA66 101LNC010 | BN6: =BM6+BL6+BK6+BJ6+BI6+BH6+BG6+BF6+BE6+BD6+BC6+BB6+BA6+AZ6+AY6+AX6+AW6+AV6+AU6+AT6+AS6+AR6+AQ6+AP6+AO6+AN6+AM6+AL6+AK6+AJ6+AI6+AH6+AG6+AF6+AE6+AD6+AC6+AB6+AA6+Z6+Y6+X6+W6+V6+U6+T6+S6+R6+Q6+P6+O6+N6+M6+L6+K6+J6+I6+H6+G6+F6+E6+D6+C6 -> 0
A7: A1.4335 | B7: PA66 A3K NC | G7: 300 | BN7: =BM7+BL7+BK7+BJ7+BI7+BH7+BG7+BF7+BE7+BD7+BC7+BB7+BA7+AZ7+AY7+AX7+AW7+AV7+AU7+AT7+AS7+AR7+AQ7+AP7+AO7+AN7+AM7+AL7+AK7+AJ7+AI7+AH7+AG7+AF7+AE7+AD7+AC7+AB7+AA7+Z7+Y7+X7+W7+V7+U7+T7+S7+R7+Q7+P7+O7+N7+M7+L7+K7+J7+I7+H7+G7+F7+E7+D7+C7 -> 300
A8: A1.4338 | B8: PA66 C200 BK121 | F8: 1000 | BN8: =BM8+BL8+BK8+BJ8+BI8+BH8+BG8+BF8+BE8+BD8+BC8+BB8+BA8+AZ8+AY8+AX8+AW8+AV8+AU8+AT8+AS8+AR8+AQ8+AP8+AO8+AN8+AM8+AL8+AK8+AJ8+AI8+AH8+AG8+AF8+AE8+AD8+AC8+AB8+AA8+Z8+Y8+X8+W8+V8+U8+T8+S8+R8+Q8+P8+O8+N8+M8+L8+K8+J8+I8+H8+G8+F8+E8+D8+C8 -> 1000
A9: A1.4354 | B9: PA66GF30AKROM117 | BN9: =BM9+BL9+BK9+BJ9+BI9+BH9+BG9+BF9+BE9+BD9+BC9+BB9+BA9+AZ9+AY9+AX9+AW9+AV9+AU9+AT9+AS9+AR9+AQ9+AP9+AO9+AN9+AM9+AL9+AK9+AJ9+AI9+AH9+AG9+AF9+AE9+AD9+AC9+AB9+AA9+Z9+Y9+X9+W9+V9+U9+T9+S9+R9+Q9+P9+O9+N9+M9+L9+K9+J9+I9+H9+G9+F9+E9+D9+C9 -> 0
A10: A1.4377 | B10: PA6 ALCOM GF10 | J10: 1600 | BG10: 2400 | BN10: =BM10+BL10+BK10+BJ10+BI10+BH10+BG10+BF10+BE10+BD10+BC10+BB10+BA10+AZ10+AY10+AX10+AW10+AV10+AU10+AT10+AS10+AR10+AQ10+AP10+AO10+AN10+AM10+AL10+AK10+AJ10+AI10+AH10+AG10+AF10+AE10+AD10+AC10+AB10+AA10+Z10+Y10+X10+W10+V10+U10+T10+S10+R10+Q10+P10+O10+N10+M10+L10+K10+J10+I10+H10+G10+F10+E10+D10+C10 -> 4000
A11: A1.4404 | B11: PBTGFH | BN11: =BM11+BL11+BK11+BJ11+BI11+BH11+BG11+BF11+BE11+BD11+BC11+BB11+BA11+AZ11+AY11+AX11+AW11+AV11+AU11+AT11+AS11+AR11+AQ11+AP11+AO11+AN11+AM11+AL11+AK11+AJ11+AI11+AH11+AG11+AF11+AE11+AD11+AC11+AB11+AA11+Z11+Y11+X11+W11+V11+U11+T11+S11+R11+Q11+P11+O11+N11+M11+L11+K11+J11+I11+H11+G11+F11+E11+D11+C11 -> 0
A12: A1.4425 | B12: PBTPETGF15DSP8T | BN12: =BM12+BL12+BK12+BJ12+BI12+BH12+BG12+BF12+BE12+BD12+BC12+BB12+BA12+AZ12+AY12+AX12+AW12+AV12+AU12+AT12+AS12+AR12+AQ12+AP12+AO12+AN12+AM12+AL12+AK12+AJ12+AI12+AH12+AG12+AF12+AE12+AD12+AC12+AB12+AA12+Z12+Y12+X12+W12+V12+U12+T12+S12+R12+Q12+P12+O12+N12+M12+L12+K12+J12+I12+H12+G12+F12+E12+D12+C12 -> 0
A13: A1.5108 | B13: POM3807 | BN13: =BM13+BL13+BK13+BJ13+BI13+BH13+BG13+BF13+BE13+BD13+BC13+BB13+BA13+AZ13+AY13+AX13+AW13+AV13+AU13+AT13+AS13+AR13+AQ13+AP13+AO13+AN13+AM13+AL13+AK13+AJ13+AI13+AH13+AG13+AF13+AE13+AD13+AC13+AB13+AA13+Z13+Y13+X13+W13+V13+U13+T13+S13+R13+Q13+P13+O13+N13+M13+L13+K13+J13+I13+H13+G13+F13+E13+D13+C13 -> 0
A14: A1.5109 | B14: POM 588PWC-4D637 | D14: 200 | BN14: =BM14+BL14+BK14+BJ14+BI14+BH14+BG14+BF14+BE14+BD14+BC14+BB14+BA14+AZ14+AY14+AX14+AW14+AV14+AU14+AT14+AS14+AR14+AQ14+AP14+AO14+AN14+AM14+AL14+AK14+AJ14+AI14+AH14+AG14+AF14+AE14+AD14+AC14+AB14+AA14+Z14+Y14+X14+W14+V14+U14+T14+S14+R14+Q14+P14+O14+N14+M14+L14+K14+J14+I14+H14+G14+F14+E14+D14+C14 -> 200
A15: A1.5227 | B15: TPO CPREPND TD20 | BN15: =BM15+BL15+BK15+BJ15+BI15+BH15+BG15+BF15+BE15+BD15+BC15+BB15+BA15+AZ15+AY15+AX15+AW15+AV15+AU15+AT15+AS15+AR15+AQ15+AP15+AO15+AN15+AM15+AL15+AK15+AJ15+AI15+AH15+AG15+AF15+AE15+AD15+AC15+AB15+AA15+Z15+Y15+X15+W15+V15+U15+T15+S15+R15+Q15+P15+O15+N15+M15+L15+K15+J15+I15+H15+G15+F15+E15+D15+C15 -> 0
A16: A1.5230 | B16: PPC3122F-M117 | BN16: =BM16+BL16+BK16+BJ16+BI16+BH16+BG16+BF16+BE16+BD16+BC16+BB16+BA16+AZ16+AY16+AX16+AW16+AV16+AU16+AT16+AS16+AR16+AQ16+AP16+AO16+AN16+AM16+AL16+AK16+AJ16+AI16+AH16+AG16+AF16+AE16+AD16+AC16+AB16+AA16+Z16+Y16+X16+W16+V16+U16+T16+S16+R16+Q16+P16+O16+N16+M16+L16+K16+J16+I16+H16+G16+F16+E16+D16+C16 -> 0
A17: A1.5231 | B17: PPC3322T | BN17: =BM17+BL17+BK17+BJ17+BI17+BH17+BG17+BF17+BE17+BD17+BC17+BB17+BA17+AZ17+AY17+AX17+AW17+AV17+AU17+AT17+AS17+AR17+AQ17+AP17+AO17+AN17+AM17+AL17+AK17+AJ17+AI17+AH17+AG17+AF17+AE17+AD17+AC17+AB17+AA17+Z17+Y17+X17+W17+V17+U17+T17+S17+R17+Q17+P17+O17+N17+M17+L17+K17+J17+I17+H17+G17+F17+E17+D17+C17 -> 0
A18: A1.5232 | B18: PPC3322T -M125(JM8) | G18: 275 | M18: 500 | BN18: =BM18+BL18+BK18+BJ18+BI18+BH18+BG18+BF18+BE18+BD18+BC18+BB18+BA18+AZ18+AY18+AX18+AW18+AV18+AU18+AT18+AS18+AR18+AQ18+AP18+AO18+AN18+AM18+AL18+AK18+AJ18+AI18+AH18+AG18+AF18+AE18+AD18+AC18+AB18+AA18+Z18+Y18+X18+W18+V18+U18+T18+S18+R18+Q18+P18+O18+N18+M18+L18+K18+J18+I18+H18+G18+F18+E18+D18+C18 -> 775
A19: A1.5260 | B19: PP +EPDM+T20EG299 | BN19: =BM19+BL19+BK19+BJ19+BI19+BH19+BG19+BF19+BE19+BD19+BC19+BB19+BA19+AZ19+AY19+AX19+AW19+AV19+AU19+AT19+AS19+AR19+AQ19+AP19+AO19+AN19+AM19+AL19+AK19+AJ19+AI19+AH19+AG19+AF19+AE19+AD19+AC19+AB19+AA19+Z19+Y19+X19+W19+V19+U19+T19+S19+R19+Q19+P19+O19+N19+M19+L19+K19+J19+I19+H19+G19+F19+E19+D19+C19 -> 0
A20: A1.5264 | D20: 4790 | M20: 5000 | BN20: =BM20+BL20+BK20+BJ20+BI20+BH20+BG20+BF20+BE20+BD20+BC20+BB20+BA20+AZ20+AY20+AX20+AW20+AV20+AU20+AT20+AS20+AR20+AQ20+AP20+AO20+AN20+AM20+AL20+AK20+AJ20+AI20+AH20+AG20+AF20+AE20+AD20+AC20+AB20+AA20+Z20+Y20+X20+W20+V20+U20+T20+S20+R20+Q20+P20+O20+N20+M20+L20+K20+J20+I20+H20+G20+F20+E20+D20+C20 -> 9790
A21: A1.5313 | B21: PPGF30 HSBK011 | BN21: =BM21+BL21+BK21+BJ21+BI21+BH21+BG21+BF21+BE21+BD21+BC21+BB21+BA21+AZ21+AY21+AX21+AW21+AV21+AU21+AT21+AS21+AR21+AQ21+AP21+AO21+AN21+AM21+AL21+AK21+AJ21+AI21+AH21+AG21+AF21+AE21+AD21+AC21+AB21+AA21+Z21+Y21+X21+W21+V21+U21+T21+S21+R21+Q21+P21+O21+N21+M21+L21+K21+J21+I21+H21+G21+F21+E21+D21+C21 -> 0
A22: A1.5157 | B22: POM M9044 | BN22: =BM22+BL22+BK22+BJ22+BI22+BH22+BG22+BF22+BE22+BD22+BC22+BB22+BA22+AZ22+AY22+AX22+AW22+AV22+AU22+AT22+AS22+AR22+AQ22+AP22+AO22+AN22+AM22+AL22+AK22+AJ22+AI22+AH22+AG22+AF22+AE22+AD22+AC22+AB22+AA22+Z22+Y22+X22+W22+V22+U22+T22+S22+R22+Q22+P22+O22+N22+M22+L22+K22+J22+I22+H22+G22+F22+E22+D22+C22 -> 0
A23: A1.5193 | B23: PP A422 GM304C | BN23: =BM23+BL23+BK23+BJ23+BI23+BH23+BG23+BF23+BE23+BD23+BC23+BB23+BA23+AZ23+AY23+AX23+AW23+AV23+AU23+AT23+AS23+AR23+AQ23+AP23+AO23+AN23+AM23+AL23+AK23+AJ23+AI23+AH23+AG23+AF23+AE23+AD23+AC23+AB23+AA23+Z23+Y23+X23+W23+V23+U23+T23+S23+R23+Q23+P23+O23+N23+M23+L23+K23+J23+I23+H23+G23+F23+E23+D23+C23 -> 0
A24: A1.5195 | B24: PP A422L630 | D24: 1000 | BN24: =BM24+BL24+BK24+BJ24+BI24+BH24+BG24+BF24+BE24+BD24+BC24+BB24+BA24+AZ24+AY24+AX24+AW24+AV24+AU24+AT24+AS24+AR24+AQ24+AP24+AO24+AN24+AM24+AL24+AK24+AJ24+AI24+AH24+AG24+AF24+AE24+AD24+AC24+AB24+AA24+Z24+Y24+X24+W24+V24+U24+T24+S24+R24+Q24+P24+O24+N24+M24+L24+K24+J24+I24+H24+G24+F24+E24+D24+C24 -> 1000
A25: A1.5228 | B25: PP C332EF M12FCB | BN25: =BM25+BL25+BK25+BJ25+BI25+BH25+BG25+BF25+BE25+BD25+BC25+BB25+BA25+AZ25+AY25+AX25+AW25+AV25+AU25+AT25+AS25+AR25+AQ25+AP25+AO25+AN25+AM25+AL25+AK25+AJ25+AI25+AH25+AG25+AF25+AE25+AD25+AC25+AB25+AA25+Z25+Y25+X25+W25+V25+U25+T25+S25+R25+Q25+P25+O25+N25+M25+L25+K25+J25+I25+H25+G25+F25+E25+D25+C25 -> 0
A26: A1.5233 | B26: PP C33207 M12F | BN26: =BM26+BL26+BK26+BJ26+BI26+BH26+BG26+BF26+BE26+BD26+BC26+BB26+BA26+AZ26+AY26+AX26+AW26+AV26+AU26+AT26+AS26+AR26+AQ26+AP26+AO26+AN26+AM26+AL26+AK26+AJ26+AI26+AH26+AG26+AF26+AE26+AD26+AC26+AB26+AA26+Z26+Y26+X26+W26+V26+U26+T26+S26+R26+Q26+P26+O26+N26+M26+L26+K26+J26+I26+H26+G26+F26+E26+D26+C26 -> 0
A27: A1.5236 | B27: PP C654OL-638B | L27: 400 | BN27: =BM27+BL27+BK27+BJ27+BI27+BH27+BG27+BF27+BE27+BD27+BC27+BB27+BA27+AZ27+AY27+AX27+AW27+AV27+AU27+AT27+AS27+AR27+AQ27+AP27+AO27+AN27+AM27+AL27+AK27+AJ27+AI27+AH27+AG27+AF27+AE27+AD27+AC27+AB27+AA27+Z27+Y27+X27+W27+V27+U27+T27+S27+R27+Q27+P27+O27+N27+M27+L27+K27+J27+I27+H27+G27+F27+E27+D27+C27 -> 400
A28: A1.5326 | B28: PP H1407R | BN28: =BM28+BL28+BK28+BJ28+BI28+BH28+BG28+BF28+BE28+BD28+BC28+BB28+BA28+AZ28+AY28+AX28+AW28+AV28+AU28+AT28+AS28+AR28+AQ28+AP28+AO28+AN28+AM28+AL28+AK28+AJ28+AI28+AH28+AG28+AF28+AE28+AD28+AC28+AB28+AA28+Z28+Y28+X28+W28+V28+U28+T28+S28+R28+Q28+P28+O28+N28+M28+L28+K28+J28+I28+H28+G28+F28+E28+D28+C28 -> 0
A29: A1.5328 | B29: PP11FX TYC1152PBK | BN29: =BM29+BL29+BK29+BJ29+BI29+BH29+BG29+BF29+BE29+BD29+BC29+BB29+BA29+AZ29+AY29+AX29+AW29+AV29+AU29+AT29+AS29+AR29+AQ29+AP29+AO29+AN29+AM29+AL29+AK29+AJ29+AI29+AH29+AG29+AF29+AE29+AD29+AC29+AB29+AA29+Z29+Y29+X29+W29+V29+U29+T29+S29+R29+Q29+P29+O29+N29+M29+L29+K29+J29+I29+H29+G29+F29+E29+D29+C29 -> 0
A30: A1.5345 | B30: PP MD20 ECO | BN30: =BM30+BL30+BK30+BJ30+BI30+BH30+BG30+BF30+BE30+BD30+BC30+BB30+BA30+AZ30+AY30+AX30+AW30+AV30+AU30+AT30+AS30+AR30+AQ30+AP30+AO30+AN30+AM30+AL30+AK30+AJ30+AI30+AH30+AG30+AF30+AE30+AD30+AC30+AB30+AA30+Z30+Y30+X30+W30+V30+U30+T30+S30+R30+Q30+P30+O30+N30+M30+L30+K30+J30+I30+H30+G30+F30+E30+D30+C30 -> 0
A31: A1.5357 | F31: 225 | BN31: =BM31+BL31+BK31+BJ31+BI31+BH31+BG31+BF31+BE31+BD31+BC31+BB31+BA31+AZ31+AY31+AX31+AW31+AV31+AU31+AT31+AS31+AR31+AQ31+AP31+AO31+AN31+AM31+AL31+AK31+AJ31+AI31+AH31+AG31+AF31+AE31+AD31+AC31+AB31+AA31+Z31+Y31+X31+W31+V31+U31+T31+S31+R31+Q31+P31+O31+N31+M31+L31+K31+J31+I31+H31+G31+F31+E31+D31+C31 -> 225
A32: A1.5358 | B32: PP-T20A5132T(JM8) | M32: 1000 | BN32: =BM32+BL32+BK32+BJ32+BI32+BH32+BG32+BF32+BE32+BD32+BC32+BB32+BA32+AZ32+AY32+AX32+AW32+AV32+AU32+AT32+AS32+AR32+AQ32+AP32+AO32+AN32+AM32+AL32+AK32+AJ32+AI32+AH32+AG32+AF32+AE32+AD32+AC32+AB32+AA32+Z32+Y32+X32+W32+V32+U32+T32+S32+R32+Q32+P32+O32+N32+M32+L32+K32+J32+I32+H32+G32+F32+E32+D32+C32 -> 1000
A33: A1.5380 | B33: PP TD17 BMV214W | H33: 1000 | BN33: =BM33+BL33+BK33+BJ33+BI33+BH33+BG33+BF33+BE33+BD33+BC33+BB33+BA33+AZ33+AY33+AX33+AW33+AV33+AU33+AT33+AS33+AR33+AQ33+AP33+AO33+AN33+AM33+AL33+AK33+AJ33+AI33+AH33+AG33+AF33+AE33+AD33+AC33+AB33+AA33+Z33+Y33+X33+W33+V33+U33+T33+S33+R33+Q33+P33+O33+N33+M33+L33+K33+J33+I33+H33+G33+F33+E33+D33+C33 -> 1000
A34: A1.5386 | B34: PPTYC 852P | BN34: =BM34+BL34+BK34+BJ34+BI34+BH34+BG34+BF34+BE34+BD34+BC34+BB34+BA34+AZ34+AY34+AX34+AW34+AV34+AU34+AT34+AS34+AR34+AQ34+AP34+AO34+AN34+AM34+AL34+AK34+AJ34+AI34+AH34+AG34+AF34+AE34+AD34+AC34+AB34+AA34+Z34+Y34+X34+W34+V34+U34+T34+S34+R34+Q34+P34+O34+N34+M34+L34+K34+J34+I34+H34+G34+F34+E34+D34+C34 -> 0
A35: A1.5388 | B35: PP/EPD121 | BN35: =BM35+BL35+BK35+BJ35+BI35+BH35+BG35+BF35+BE35+BD35+BC35+BB35+BA35+AZ35+AY35+AX35+AW35+AV35+AU35+AT35+AS35+AR35+AQ35+AP35+AO35+AN35+AM35+AL35+AK35+AJ35+AI35+AH35+AG35+AF35+AE35+AD35+AC35+AB35+AA35+Z35+Y35+X35+W35+V35+U35+T35+S35+R35+Q35+P35+O35+N35+M35+L35+K35+J35+I35+H35+G35+F35+E35+D35+C35 -> 0
A36: A1.5420 | B36: PP+EPPM+T20 | D36: 1000 | BN36: =BM36+BL36+BK36+BJ36+BI36+BH36+BG36+BF36+BE36+BD36+BC36+BB36+BA36+AZ36+AY36+AX36+AW36+AV36+AU36+AT36+AS36+AR36+AQ36+AP36+AO36+AN36+AM36+AL36+AK36+AJ36+AI36+AH36+AG36+AF36+AE36+AD36+AC36+AB36+AA36+Z36+Y36+X36+W36+V36+U36+T36+S36+R36+Q36+P36+O36+N36+M36+L36+K36+J36+I36+H36+G36+F36+E36+D36+C36 -> 1000
A37: A1.5422 | B37: PP+EPPM+TD20 | H37: 1000 | BN37: =BM37+BL37+BK37+BJ37+BI37+BH37+BG37+BF37+BE37+BD37+BC37+BB37+BA37+AZ37+AY37+AX37+AW37+AV37+AU37+AT37+AS37+AR37+AQ37+AP37+AO37+AN37+AM37+AL37+AK37+AJ37+AI37+AH37+AG37+AF37+AE37+AD37+AC37+AB37+AA37+Z37+Y37+X37+W37+V37+U37+T37+S37+R37+Q37+P37+O37+N37+M37+L37+K37+J37+I37+H37+G37+F37+E37+D37+C37 -> 1000
A38: A1.4166 | B38: ABS HH106 | BN38: =BM38+BL38+BK38+BJ38+BI38+BH38+BG38+BF38+BE38+BD38+BC38+BB38+BA38+AZ38+AY38+AX38+AW38+AV38+AU38+AT38+AS38+AR38+AQ38+AP38+AO38+AN38+AM38+AL38+AK38+AJ38+AI38+AH38+AG38+AF38+AE38+AD38+AC38+AB38+AA38+Z38+Y38+X38+W38+V38+U38+T38+S38+R38+Q38+P38+O38+N38+M38+L38+K38+J38+I38+H38+G38+F38+E38+D38+C38 -> 0
A39: A1.5413 | B39: PP+EPDM+HTTD020 | F39: 1000 | BN39: =BM39+BL39+BK39+BJ39+BI39+BH39+BG39+BF39+BE39+BD39+BC39+BB39+BA39+AZ39+AY39+AX39+AW39+AV39+AU39+AT39+AS39+AR39+AQ39+AP39+AO39+AN39+AM39+AL39+AK39+AJ39+AI39+AH39+AG39+AF39+AE39+AD39+AC39+AB39+AA39+Z39+Y39+X39+W39+V39+U39+T39+S39+R39+Q39+P39+O39+N39+M39+L39+K39+J39+I39+H39+G39+F39+E39+D39+C39 -> 1000
A40: A1.5493 | B40: TEO-3000-60A黑 | BN40: =BM40+BL40+BK40+BJ40+BI40+BH40+BG40+BF40+BE40+BD40+BC40+BB40+BA40+AZ40+AY40+AX40+AW40+AV40+AU40+AT40+AS40+AR40+AQ40+AP40+AO40+AN40+AM40+AL40+AK40+AJ40+AI40+AH40+AG40+AF40+AE40+AD40+AC40+AB40+AA40+Z40+Y40+X40+W40+V40+U40+T40+S40+R40+Q40+P40+O40+N40+M40+L40+K40+J40+I40+H40+G40+F40+E40+D40+C40 -> 0
A41: A1.5511 | B41: TPE AT7210-70 | D41: 750 | BN41: =BM41+BL41+BK41+BJ41+BI41+BH41+BG41+BF41+BE41+BD41+BC41+BB41+BA41+AZ41+AY41+AX41+AW41+AV41+AU41+AT41+AS41+AR41+AQ41+AP41+AO41+AN41+AM41+AL41+AK41+AJ41+AI41+AH41+AG41+AF41+AE41+AD41+AC41+AB41+AA41+Z41+Y41+X41+W41+V41+U41+T41+S41+R41+Q41+P41+O41+N41+M41+L41+K41+J41+I41+H41+G41+F41+E41+D41+C41 -> 750
A42: A1.5779 | B42: PP-T6326A15 | BN42: =BM42+BL42+BK42+BJ42+BI42+BH42+BG42+BF42+BE42+BD42+BC42+BB42+BA42+AZ42+AY42+AX42+AW42+AV42+AU42+AT42+AS42+AR42+AQ42+AP42+AO42+AN42+AM42+AL42+AK42+AJ42+AI42+AH42+AG42+AF42+AE42+AD42+AC42+AB42+AA42+Z42+Y42+X42+W42+V42+U42+T42+S42+R42+Q42+P42+O42+N42+M42+L42+K42+J42+I42+H42+G42+F42+E42+D42+C42 -> 0
A43: A1.4513 | B43: PA6-MG30 HSBK006 | BN43: =BM43+BL43+BK43+BJ43+BI43+BH43+BG43+BF43+BE43+BD43+BC43+BB43+BA43+AZ43+AY43+AX43+AW43+AV43+AU43+AT43+AS43+AR43+AQ43+AP43+AO43+AN43+AM43+AL43+AK43+AJ43+AI43+AH43+AG43+AF43+AE43+AD43+AC43+AB43+AA43+Z43+Y43+X43+W43+V43+U43+T43+S43+R43+Q43+P43+O43+N43+M43+L43+K43+J43+I43+H43+G43+F43+E43+D43+C43 -> 0
A44: A1.4681 | B44: PC/ABS CB2340 | BN44: =BM44+BL44+BK44+BJ44+BI44+BH44+BG44+BF44+BE44+BD44+BC44+BB44+BA44+AZ44+AY44+AX44+AW44+AV44+AU44+AT44+AS44+AR44+AQ44+AP44+AO44+AN44+AM44+AL44+AK44+AJ44+AI44+AH44+AG44+AF44+AE44+AD44+AC44+AB44+AA44+Z44+Y44+X44+W44+V44+U44+T44+S44+R44+Q44+P44+O44+N44+M44+L44+K44+J44+I44+H44+G44+F44+E44+D44+C44 -> 0
A45: A1.5311 | B45: GFPP-30 FRBK101 | BN45: =BM45+BL45+BK45+BJ45+BI45+BH45+BG45+BF45+BE45+BD45+BC45+BB45+BA45+AZ45+AY45+AX45+AW45+AV45+AU45+AT45+AS45+AR45+AQ45+AP45+AO45+AN45+AM45+AL45+AK45+AJ45+AI45+AH45+AG45+AF45+AE45+AD45+AC45+AB45+AA45+Z45+Y45+X45+W45+V45+U45+T45+S45+R45+Q45+P45+O45+N45+M45+L45+K45+J45+I45+H45+G45+F45+E45+D45+C45 -> 0
A46: A1.4214 | B46: APO 0816 JA6 BK | BN46: =BM46+BL46+BK46+BJ46+BI46+BH46+BG46+BF46+BE46+BD46+BC46+BB46+BA46+AZ46+AY46+AX46+AW46+AV46+AU46+AT46+AS46+AR46+AQ46+AP46+AO46+AN46+AM46+AL46+AK46+AJ46+AI46+AH46+AG46+AF46+AE46+AD46+AC46+AB46+AA46+Z46+Y46+X46+W46+V46+U46+T46+S46+R46+Q46+P46+O46+N46+M46+L46+K46+J46+I46+H46+G46+F46+E46+D46+C46 -> 0
A47: A1.4216 | B47: APO-CM308 BK001 | C47: 2900 | F47: 5000 | K47: 2000 | BG47: 3000 | BN47: =BM47+BL47+BK47+BJ47+BI47+BH47+BG47+BF47+BE47+BD47+BC47+BB47+BA47+AZ47+AY47+AX47+AW47+AV47+AU47+AT47+AS47+AR47+AQ47+AP47+AO47+AN47+AM47+AL47+AK47+AJ47+AI47+AH47+AG47+AF47+AE47+AD47+AC47+AB47+AA47+Z47+Y47+X47+W47+V47+U47+T47+S47+R47+Q47+P47+O47+N47+M47+L47+K47+J47+I47+H47+G47+F47+E47+D47+C47 -> 12900
A48: A1.4217 | B48: APO-CM308 WHZJE | BN48: =BM48+BL48+BK48+BJ48+BI48+BH48+BG48+BF48+BE48+BD48+BC48+BB48+BA48+AZ48+AY48+AX48+AW48+AV48+AU48+AT48+AS48+AR48+AQ48+AP48+AO48+AN48+AM48+AL48+AK48+AJ48+AI48+AH48+AG48+AF48+AE48+AD48+AC48+AB48+AA48+Z48+Y48+X48+W48+V48+U48+T48+S48+R48+Q48+P48+O48+N48+M48+L48+K48+J48+I48+H48+G48+F48+E48+D48+C48 -> 0
A49: A1.4219 | B49: ASA 777K | BN49: =BM49+BL49+BK49+BJ49+BI49+BH49+BG49+BF49+BE49+BD49+BC49+BB49+BA49+AZ49+AY49+AX49+AW49+AV49+AU49+AT49+AS49+AR49+AQ49+AP49+AO49+AN49+AM49+AL49+AK49+AJ49+AI49+AH49+AG49+AF49+AE49+AD49+AC49+AB49+AA49+Z49+Y49+X49+W49+V49+U49+T49+S49+R49+Q49+P49+O49+N49+M49+L49+K49+J49+I49+H49+G49+F49+E49+D49+C49 -> 0
A50: A1.4299 | B50: PA6BKV60H21090016 | BN50: =BM50+BL50+BK50+BJ50+BI50+BH50+BG50+BF50+BE50+BD50+BC50+BB50+BA50+AZ50+AY50+AX50+AW50+AV50+AU50+AT50+AS50+AR50+AQ50+AP50+AO50+AN50+AM50+AL50+AK50+AJ50+AI50+AH50+AG50+AF50+AE50+AD50+AC50+AB50+AA50+Z50+Y50+X50+W50+V50+U50+T50+S50+R50+Q50+P50+O50+N50+M50+L50+K50+J50+I50+H50+G50+F50+E50+D50+C50 -> 0
A51: A1.4317 | B51: PA6-MG30 HSBK006 | D51: 2000 | L51: 1000 | BN51: =BM51+BL51+BK51+BJ51+BI51+BH51+BG51+BF51+BE51+BD51+BC51+BB51+BA51+AZ51+AY51+AX51+AW51+AV51+AU51+AT51+AS51+AR51+AQ51+AP51+AO51+AN51+AM51+AL51+AK51+AJ51+AI51+AH51+AG51+AF51+AE51+AD51+AC51+AB51+AA51+Z51+Y51+X51+W51+V51+U51+T51+S51+R51+Q51+P51+O51+N51+M51+L51+K51+J51+I51+H51+G51+F51+E51+D51+C51 -> 3000
A52: A1.1530/4214 | B52: APO 0816 JA6 BK | BN52: =BM52+BL52+BK52+BJ52+BI52+BH52+BG52+BF52+BE52+BD52+BC52+BB52+BA52+AZ52+AY52+AX52+AW52+AV52+AU52+AT52+AS52+AR52+AQ52+AP52+AO52+AN52+AM52+AL52+AK52+AJ52+AI52+AH52+AG52+AF52+AE52+AD52+AC52+AB52+AA52+Z52+Y52+X52+W52+V52+U52+T52+S52+R52+Q52+P52+O52+N52+M52+L52+K52+J52+I52+H52+G52+F52+E52+D52+C52 -> 0
A53: A1.0329/4679 | B53: PC/ABS CB2340 | BN53: =BM53+BL53+BK53+BJ53+BI53+BH53+BG53+BF53+BE53+BD53+BC53+BB53+BA53+AZ53+AY53+AX53+AW53+AV53+AU53+AT53+AS53+AR53+AQ53+AP53+AO53+AN53+AM53+AL53+AK53+AJ53+AI53+AH53+AG53+AF53+AE53+AD53+AC53+AB53+AA53+Z53+Y53+X53+W53+V53+U53+T53+S53+R53+Q53+P53+O53+N53+M53+L53+K53+J53+I53+H53+G53+F53+E53+D53+C53 -> 0
A54: A1.5777 | B54: 耐磨块色母 | BN54: =BM54+BL54+BK54+BJ54+BI54+BH54+BG54+BF54+BE54+BD54+BC54+BB54+BA54+AZ54+AY54+AX54+AW54+AV54+AU54+AT54+AS54+AR54+AQ54+AP54+AO54+AN54+AM54+AL54+AK54+AJ54+AI54+AH54+AG54+AF54+AE54+AD54+AC54+AB54+AA54+Z54+Y54+X54+W54+V54+U54+T54+S54+R54+Q54+P54+O54+N54+M54+L54+K54+J54+I54+H54+G54+F54+E54+D54+C54 -> 0
A55: A1.5957 | B55: PP糖色 | N55: 300 | BH55: 300 | BN55: =BM55+BL55+BK55+BJ55+BI55+BH55+BG55+BF55+BE55+BD55+BC55+BB55+BA55+AZ55+AY55+AX55+AW55+AV55+AU55+AT55+AS55+AR55+AQ55+AP55+AO55+AN55+AM55+AL55+AK55+AJ55+AI55+AH55+AG55+AF55+AE55+AD55+AC55+AB55+AA55+Z55+Y55+X55+W55+V55+U55+T55+S55+R55+Q55+P55+O55+N55+M55+L55+K55+J55+I55+H55+G55+F55+E55+D55+C55 -> 600
A56: A5.4066 | B56: ABS EF378L | BN56: =BM56+BL56+BK56+BJ56+BI56+BH56+BG56+BF56+BE56+BD56+BC56+BB56+BA56+AZ56+AY56+AX56+AW56+AV56+AU56+AT56+AS56+AR56+AQ56+AP56+AO56+AN56+AM56+AL56+AK56+AJ56+AI56+AH56+AG56+AF56+AE56+AD56+AC56+AB56+AA56+Z56+Y56+X56+W56+V56+U56+T56+S56+R56+Q56+P56+O56+N56+M56+L56+K56+J56+I56+H56+G56+F56+E56+D56+C56 -> 0
A57: A5.4116 | B57: ABS HF380 8H408 | BN57: =BM57+BL57+BK57+BJ57+BI57+BH57+BG57+BF57+BE57+BD57+BC57+BB57+BA57+AZ57+AY57+AX57+AW57+AV57+AU57+AT57+AS57+AR57+AQ57+AP57+AO57+AN57+AM57+AL57+AK57+AJ57+AI57+AH57+AG57+AF57+AE57+AD57+AC57+AB57+AA57+Z57+Y57+X57+W57+V57+U57+T57+S57+R57+Q57+P57+O57+N57+M57+L57+K57+J57+I57+H57+G57+F57+E57+D57+C57 -> 0
A58: A5.4145 | B58: ABS NH0700FX | BN58: =BM58+BL58+BK58+BJ58+BI58+BH58+BG58+BF58+BE58+BD58+BC58+BB58+BA58+AZ58+AY58+AX58+AW58+AV58+AU58+AT58+AS58+AR58+AQ58+AP58+AO58+AN58+AM58+AL58+AK58+AJ58+AI58+AH58+AG58+AF58+AE58+AD58+AC58+AB58+AA58+Z58+Y58+X58+W58+V58+U58+T58+S58+R58+Q58+P58+O58+N58+M58+L58+K58+J58+I58+H58+G58+F58+E58+D58+C58 -> 0
A59: A5.4150 | B59: ABS NH0700FX | BN59: =BM59+BL59+BK59+BJ59+BI59+BH59+BG59+BF59+BE59+BD59+BC59+BB59+BA59+AZ59+AY59+AX59+AW59+AV59+AU59+AT59+AS59+AR59+AQ59+AP59+AO59+AN59+AM59+AL59+AK59+AJ59+AI59+AH59+AG59+AF59+AE59+AD59+AC59+AB59+AA59+Z59+Y59+X59+W59+V59+U59+T59+S59+R59+Q59+P59+O59+N59+M59+L59+K59+J59+I59+H59+G59+F59+E59+D59+C59 -> 0
A60: A5.4190 | B60: ABS EFJ31-450 | BN60: =BM60+BL60+BK60+BJ60+BI60+BH60+BG60+BF60+BE60+BD60+BC60+BB60+BA60+AZ60+AY60+AX60+AW60+AV60+AU60+AT60+AS60+AR60+AQ60+AP60+AO60+AN60+AM60+AL60+AK60+AJ60+AI60+AH60+AG60+AF60+AE60+AD60+AC60+AB60+AA60+Z60+Y60+X60+W60+V60+U60+T60+S60+R60+Q60+P60+O60+N60+M60+L60+K60+J60+I60+H60+G60+F60+E60+D60+C60 -> 0
A61: A5.4202 | B61: ABS J5 139712-2 | BN61: =BM61+BL61+BK61+BJ61+BI61+BH61+BG61+BF61+BE61+BD61+BC61+BB61+BA61+AZ61+AY61+AX61+AW61+AV61+AU61+AT61+AS61+AR61+AQ61+AP61+AO61+AN61+AM61+AL61+AK61+AJ61+AI61+AH61+AG61+AF61+AE61+AD61+AC61+AB61+AA61+Z61+Y61+X61+W61+V61+U61+T61+S61+R61+Q61+P61+O61+N61+M61+L61+K61+J61+I61+H61+G61+F61+E61+D61+C61 -> 0
A62: A5.4619 | B62: PC MN3600H CM052H | BN62: =BM62+BL62+BK62+BJ62+BI62+BH62+BG62+BF62+BE62+BD62+BC62+BB62+BA62+AZ62+AY62+AX62+AW62+AV62+AU62+AT62+AS62+AR62+AQ62+AP62+AO62+AN62+AM62+AL62+AK62+AJ62+AI62+AH62+AG62+AF62+AE62+AD62+AC62+AB62+AA62+Z62+Y62+X62+W62+V62+U62+T62+S62+R62+Q62+P62+O62+N62+M62+L62+K62+J62+I62+H62+G62+F62+E62+D62+C62 -> 0
A63: A5.4620 | B63: PC MN3600H | BN63: =BM63+BL63+BK63+BJ63+BI63+BH63+BG63+BF63+BE63+BD63+BC63+BB63+BA63+AZ63+AY63+AX63+AW63+AV63+AU63+AT63+AS63+AR63+AQ63+AP63+AO63+AN63+AM63+AL63+AK63+AJ63+AI63+AH63+AG63+AF63+AE63+AD63+AC63+AB63+AA63+Z63+Y63+X63+W63+V63+U63+T63+S63+R63+Q63+P63+O63+N63+M63+L63+K63+J63+I63+H63+G63+F63+E63+D63+C63 -> 0
A64: A5.4679 | BN64: =BM64+BL64+BK64+BJ64+BI64+BH64+BG64+BF64+BE64+BD64+BC64+BB64+BA64+AZ64+AY64+AX64+AW64+AV64+AU64+AT64+AS64+AR64+AQ64+AP64+AO64+AN64+AM64+AL64+AK64+AJ64+AI64+AH64+AG64+AF64+AE64+AD64+AC64+AB64+AA64+Z64+Y64+X64+W64+V64+U64+T64+S64+R64+Q64+P64+O64+N64+M64+L64+K64+J64+I64+H64+G64+F64+E64+D64+C64 -> 0
A65: A5.4332 | BN65: =BM65+BL65+BK65+BJ65+BI65+BH65+BG65+BF65+BE65+BD65+BC65+BB65+BA65+AZ65+AY65+AX65+AW65+AV65+AU65+AT65+AS65+AR65+AQ65+AP65+AO65+AN65+AM65+AL65+AK65+AJ65+AI65+AH65+AG65+AF65+AE65+AD65+AC65+AB65+AA65+Z65+Y65+X65+W65+V65+U65+T65+S65+R65+Q65+P65+O65+N65+M65+L65+K65+J65+I65+H65+G65+F65+E65+D65+C65 -> 0
A66: A5.4830 | BN66: =BM66+BL66+BK66+BJ66+BI66+BH66+BG66+BF66+BE66+BD66+BC66+BB66+BA66+AZ66+AY66+AX66+AW66+AV66+AU66+AT66+AS66+AR66+AQ66+AP66+AO66+AN66+AM66+AL66+AK66+AJ66+AI66+AH66+AG66+AF66+AE66+AD66+AC66+AB66+AA66+Z66+Y66+X66+W66+V66+U66+T66+S66+R66+Q66+P66+O66+N66+M66+L66+K66+J66+I66+H66+G66+F66+E66+D66+C66 -> 0
A67: A5.5167 | B67: POM NW-02C | BN67: =BM67+BL67+BK67+BJ67+BI67+BH67+BG67+BF67+BE67+BD67+BC67+BB67+BA67+AZ67+AY67+AX67+AW67+AV67+AU67+AT67+AS67+AR67+AQ67+AP67+AO67+AN67+AM67+AL67+AK67+AJ67+AI67+AH67+AG67+AF67+AE67+AD67+AC67+AB67+AA67+Z67+Y67+X67+W67+V67+U67+T67+S67+R67+Q67+P67+O67+N67+M67+L67+K67+J67+I67+H67+G67+F67+E67+D67+C67 -> 0
A68: A5.0299 | B68: POM 188P | BN68: =BM68+BL68+BK68+BJ68+BI68+BH68+BG68+BF68+BE68+BD68+BC68+BB68+BA68+AZ68+AY68+AX68+AW68+AV68+AU68+AT68+AS68+AR68+AQ68+AP68+AO68+AN68+AM68+AL68+AK68+AJ68+AI68+AH68+AG68+AF68+AE68+AD68+AC68+AB68+AA68+Z68+Y68+X68+W68+V68+U68+T68+S68+R68+Q68+P68+O68+N68+M68+L68+K68+J68+I68+H68+G68+F68+E68+D68+C68 -> 0
A69: A5.4717 | B69: PC/ABS FR3005 | BN69: =BM69+BL69+BK69+BJ69+BI69+BH69+BG69+BF69+BE69+BD69+BC69+BB69+BA69+AZ69+AY69+AX69+AW69+AV69+AU69+AT69+AS69+AR69+AQ69+AP69+AO69+AN69+AM69+AL69+AK69+AJ69+AI69+AH69+AG69+AF69+AE69+AD69+AC69+AB69+AA69+Z69+Y69+X69+W69+V69+U69+T69+S69+R69+Q69+P69+O69+N69+M69+L69+K69+J69+I69+H69+G69+F69+E69+D69+C69 -> 0
A70: A5.5110 | B70: POM 588P BK602 | BN70: =BM70+BL70+BK70+BJ70+BI70+BH70+BG70+BF70+BE70+BD70+BC70+BB70+BA70+AZ70+AY70+AX70+AW70+AV70+AU70+AT70+AS70+AR70+AQ70+AP70+AO70+AN70+AM70+AL70+AK70+AJ70+AI70+AH70+AG70+AF70+AE70+AD70+AC70+AB70+AA70+Z70+Y70+X70+W70+V70+U70+T70+S70+R70+Q70+P70+O70+N70+M70+L70+K70+J70+I70+H70+G70+F70+E70+D70+C70 -> 0
A71: A5.5111 | B71: POM 188PGY4900 | BN71: =BM71+BL71+BK71+BJ71+BI71+BH71+BG71+BF71+BE71+BD71+BC71+BB71+BA71+AZ71+AY71+AX71+AW71+AV71+AU71+AT71+AS71+AR71+AQ71+AP71+AO71+AN71+AM71+AL71+AK71+AJ71+AI71+AH71+AG71+AF71+AE71+AD71+AC71+AB71+AA71+Z71+Y71+X71+W71+V71+U71+T71+S71+R71+Q71+P71+O71+N71+M71+L71+K71+J71+I71+H71+G71+F71+E71+D71+C71 -> 0
A72: A5.5112 | BN72: =BM72+BL72+BK72+BJ72+BI72+BH72+BG72+BF72+BE72+BD72+BC72+BB72+BA72+AZ72+AY72+AX72+AW72+AV72+AU72+AT72+AS72+AR72+AQ72+AP72+AO72+AN72+AM72+AL72+AK72+AJ72+AI72+AH72+AG72+AF72+AE72+AD72+AC72+AB72+AA72+Z72+Y72+X72+W72+V72+U72+T72+S72+R72+Q72+P72+O72+N72+M72+L72+K72+J72+I72+H72+G72+F72+E72+D72+C72 -> 0
A73: A5.5174 | B73: POM NW-01CD3501 | BN73: =BM73+BL73+BK73+BJ73+BI73+BH73+BG73+BF73+BE73+BD73+BC73+BB73+BA73+AZ73+AY73+AX73+AW73+AV73+AU73+AT73+AS73+AR73+AQ73+AP73+AO73+AN73+AM73+AL73+AK73+AJ73+AI73+AH73+AG73+AF73+AE73+AD73+AC73+AB73+AA73+Z73+Y73+X73+W73+V73+U73+T73+S73+R73+Q73+P73+O73+N73+M73+L73+K73+J73+I73+H73+G73+F73+E73+D73+C73 -> 0
A74: Z8.237 | B74: 外协入库单 | BN74: =BM74+BL74+BK74+BJ74+BI74+BH74+BG74+BF74+BE74+BD74+BC74+BB74+BA74+AZ74+AY74+AX74+AW74+AV74+AU74+AT74+AS74+AR74+AQ74+AP74+AO74+AN74+AM74+AL74+AK74+AJ74+AI74+AH74+AG74+AF74+AE74+AD74+AC74+AB74+AA74+Z74+Y74+X74+W74+V74+U74+T74+S74+R74+Q74+P74+O74+N74+M74+L74+K74+J74+I74+H74+G74+F74+E74+D74+C74 -> 0
A75: ZP.224 | B75: 生产管理表 | BN75: =BM75+BL75+BK75+BJ75+BI75+BH75+BG75+BF75+BE75+BD75+BC75+BB75+BA75+AZ75+AY75+AX75+AW75+AV75+AU75+AT75+AS75+AR75+AQ75+AP75+AO75+AN75+AM75+AL75+AK75+AJ75+AI75+AH75+AG75+AF75+AE75+AD75+AC75+AB75+AA75+Z75+Y75+X75+W75+V75+U75+T75+S75+R75+Q75+P75+O75+N75+M75+L75+K75+J75+I75+H75+G75+F75+E75+D75+C75 -> 0
A76: ZP.221 | B76: 明细书 | BN76: =BM76+BL76+BK76+BJ76+BI76+BH76+BG76+BF76+BE76+BD76+BC76+BB76+BA76+AZ76+AY76+AX76+AW76+AV76+AU76+AT76+AS76+AR76+AQ76+AP76+AO76+AN76+AM76+AL76+AK76+AJ76+AI76+AH76+AG76+AF76+AE76+AD76+AC76+AB76+AA76+Z76+Y76+X76+W76+V76+U76+T76+S76+R76+Q76+P76+O76+N76+M76+L76+K76+J76+I76+H76+G76+F76+E76+D76+C76 -> 0
A77: F2.0380 | B77: 全检票 | BN77: =BM77+BL77+BK77+BJ77+BI77+BH77+BG77+BF77+BE77+BD77+BC77+BB77+BA77+AZ77+AY77+AX77+AW77+AV77+AU77+AT77+AS77+AR77+AQ77+AP77+AO77+AN77+AM77+AL77+AK77+AJ77+AI77+AH77+AG77+AF77+AE77+AD77+AC77+AB77+AA77+Z77+Y77+X77+W77+V77+U77+T77+S77+R77+Q77+P77+O77+N77+M77+L77+K77+J77+I77+H77+G77+F77+E77+D77+C77 -> 0
A78: Z9.268 | B78: 领料单 | BN78: =BM78+BL78+BK78+BJ78+BI78+BH78+BG78+BF78+BE78+BD78+BC78+BB78+BA78+AZ78+AY78+AX78+AW78+AV78+AU78+AT78+AS78+AR78+AQ78+AP78+AO78+AN78+AM78+AL78+AK78+AJ78+AI78+AH78+AG78+AF78+AE78+AD78+AC78+AB78+AA78+Z78+Y78+X78+W78+V78+U78+T78+S78+R78+Q78+P78+O78+N78+M78+L78+K78+J78+I78+H78+G78+F78+E78+D78+C78 -> 0
A79: ZP.173 | B79: 李尔明细书 | BN79: =BM79+BL79+BK79+BJ79+BI79+BH79+BG79+BF79+BE79+BD79+BC79+BB79+BA79+AZ79+AY79+AX79+AW79+AV79+AU79+AT79+AS79+AR79+AQ79+AP79+AO79+AN79+AM79+AL79+AK79+AJ79+AI79+AH79+AG79+AF79+AE79+AD79+AC79+AB79+AA79+Z79+Y79+X79+W79+V79+U79+T79+S79+R79+Q79+P79+O79+N79+M79+L79+K79+J79+I79+H79+G79+F79+E79+D79+C79 -> 0
A80: F1.0068 | B80: 2735072X | BN80: =BM80+BL80+BK80+BJ80+BI80+BH80+BG80+BF80+BE80+BD80+BC80+BB80+BA80+AZ80+AY80+AX80+AW80+AV80+AU80+AT80+AS80+AR80+AQ80+AP80+AO80+AN80+AM80+AL80+AK80+AJ80+AI80+AH80+AG80+AF80+AE80+AD80+AC80+AB80+AA80+Z80+Y80+X80+W80+V80+U80+T80+S80+R80+Q80+P80+O80+N80+M80+L80+K80+J80+I80+H80+G80+F80+E80+D80+C80 -> 0
A81: F1.0069 | B81: 2735073X | BN81: =BM81+BL81+BK81+BJ81+BI81+BH81+BG81+BF81+BE81+BD81+BC81+BB81+BA81+AZ81+AY81+AX81+AW81+AV81+AU81+AT81+AS81+AR81+AQ81+AP81+AO81+AN81+AM81+AL81+AK81+AJ81+AI81+AH81+AG81+AF81+AE81+AD81+AC81+AB81+AA81+Z81+Y81+X81+W81+V81+U81+T81+S81+R81+Q81+P81+O81+N81+M81+L81+K81+J81+I81+H81+G81+F81+E81+D81+C81 -> 0
A82: F1.0066 | B82: 2735070X | G82: 10800 | BN82: =BM82+BL82+BK82+BJ82+BI82+BH82+BG82+BF82+BE82+BD82+BC82+BB82+BA82+AZ82+AY82+AX82+AW82+AV82+AU82+AT82+AS82+AR82+AQ82+AP82+AO82+AN82+AM82+AL82+AK82+AJ82+AI82+AH82+AG82+AF82+AE82+AD82+AC82+AB82+AA82+Z82+Y82+X82+W82+V82+U82+T82+S82+R82+Q82+P82+O82+N82+M82+L82+K82+J82+I82+H82+G82+F82+E82+D82+C82 -> 10800
A83: F1.0271 | B83: COVER贴膜 | C83: 10000 | BH83: 10000 | BN83: =BM83+BL83+BK83+BJ83+BI83+BH83+BG83+BF83+BE83+BD83+BC83+BB83+BA83+AZ83+AY83+AX83+AW83+AV83+AU83+AT83+AS83+AR83+AQ83+AP83+AO83+AN83+AM83+AL83+AK83+AJ83+AI83+AH83+AG83+AF83+AE83+AD83+AC83+AB83+AA83+Z83+Y83+X83+W83+V83+U83+T83+S83+R83+Q83+P83+O83+N83+M83+L83+K83+J83+I83+H83+G83+F83+E83+D83+C83 -> 20000
A84: F1.2287 | B84: 麦拉片 | D84: 10000 | L84: 10000 | BN84: =BM84+BL84+BK84+BJ84+BI84+BH84+BG84+BF84+BE84+BD84+BC84+BB84+BA84+AZ84+AY84+AX84+AW84+AV84+AU84+AT84+AS84+AR84+AQ84+AP84+AO84+AN84+AM84+AL84+AK84+AJ84+AI84+AH84+AG84+AF84+AE84+AD84+AC84+AB84+AA84+Z84+Y84+X84+W84+V84+U84+T84+S84+R84+Q84+P84+O84+N84+M84+L84+K84+J84+I84+H84+G84+F84+E84+D84+C84 -> 20000
A85: F1.1154 | B85: W71804-5439排力螺母 | I85: 6000 | BN85: =BM85+BL85+BK85+BJ85+BI85+BH85+BG85+BF85+BE85+BD85+BC85+BB85+BA85+AZ85+AY85+AX85+AW85+AV85+AU85+AT85+AS85+AR85+AQ85+AP85+AO85+AN85+AM85+AL85+AK85+AJ85+AI85+AH85+AG85+AF85+AE85+AD85+AC85+AB85+AA85+Z85+Y85+X85+W85+V85+U85+T85+S85+R85+Q85+P85+O85+N85+M85+L85+K85+J85+I85+H85+G85+F85+E85+D85+C85 -> 6000
A86: F1.1551 | B86: 螺钉 | BN86: =BM86+BL86+BK86+BJ86+BI86+BH86+BG86+BF86+BE86+BD86+BC86+BB86+BA86+AZ86+AY86+AX86+AW86+AV86+AU86+AT86+AS86+AR86+AQ86+AP86+AO86+AN86+AM86+AL86+AK86+AJ86+AI86+AH86+AG86+AF86+AE86+AD86+AC86+AB86+AA86+Z86+Y86+X86+W86+V86+U86+T86+S86+R86+Q86+P86+O86+N86+M86+L86+K86+J86+I86+H86+G86+F86+E86+D86+C86 -> 0
A87: F1.1592 | B87: 毛钻 | C87: 6000 | BN87: =BM87+BL87+BK87+BJ87+BI87+BH87+BG87+BF87+BE87+BD87+BC87+BB87+BA87+AZ87+AY87+AX87+AW87+AV87+AU87+AT87+AS87+AR87+AQ87+AP87+AO87+AN87+AM87+AL87+AK87+AJ87+AI87+AH87+AG87+AF87+AE87+AD87+AC87+AB87+AA87+Z87+Y87+X87+W87+V87+U87+T87+S87+R87+Q87+P87+O87+N87+M87+L87+K87+J87+I87+H87+G87+F87+E87+D87+C87 -> 6000
A88: F1.1328 | B88: W710609S | BN88: =BM88+BL88+BK88+BJ88+BI88+BH88+BG88+BF88+BE88+BD88+BC88+BB88+BA88+AZ88+AY88+AX88+AW88+AV88+AU88+AT88+AS88+AR88+AQ88+AP88+AO88+AN88+AM88+AL88+AK88+AJ88+AI88+AH88+AG88+AF88+AE88+AD88+AC88+AB88+AA88+Z88+Y88+X88+W88+V88+U88+T88+S88+R88+Q88+P88+O88+N88+M88+L88+K88+J88+I88+H88+G88+F88+E88+D88+C88 -> 0
A89: F1.1330 | B89: W715645卡扣 | BN89: =BM89+BL89+BK89+BJ89+BI89+BH89+BG89+BF89+BE89+BD89+BC89+BB89+BA89+AZ89+AY89+AX89+AW89+AV89+AU89+AT89+AS89+AR89+AQ89+AP89+AO89+AN89+AM89+AL89+AK89+AJ89+AI89+AH89+AG89+AF89+AE89+AD89+AC89+AB89+AA89+Z89+Y89+X89+W89+V89+U89+T89+S89+R89+Q89+P89+O89+N89+M89+L89+K89+J89+I89+H89+G89+F89+E89+D89+C89 -> 0
A90: F1.1331 | B90: w719189-S403 | C90: 9000 | E90: -3000 | L90: 10000 | BH90: 5000 | BN90: =BM90+BL90+BK90+BJ90+BI90+BH90+BG90+BF90+BE90+BD90+BC90+BB90+BA90+AZ90+AY90+AX90+AW90+AV90+AU90+AT90+AS90+AR90+AQ90+AP90+AO90+AN90+AM90+AL90+AK90+AJ90+AI90+AH90+AG90+AF90+AE90+AD90+AC90+AB90+AA90+Z90+Y90+X90+W90+V90+U90+T90+S90+R90+Q90+P90+O90+N90+M90+L90+K90+J90+I90+H90+G90+F90+E90+D90+C90 -> 21000
A91: F1.1536 | B91: 卡子 | BN91: =BM91+BL91+BK91+BJ91+BI91+BH91+BG91+BF91+BE91+BD91+BC91+BB91+BA91+AZ91+AY91+AX91+AW91+AV91+AU91+AT91+AS91+AR91+AQ91+AP91+AO91+AN91+AM91+AL91+AK91+AJ91+AI91+AH91+AG91+AF91+AE91+AD91+AC91+AB91+AA91+Z91+Y91+X91+W91+V91+U91+T91+S91+R91+Q91+P91+O91+N91+M91+L91+K91+J91+I91+H91+G91+F91+E91+D91+C91 -> 0
A92: F1.1537 | B92: 推钉 | L92: 10000 | BN92: =BM92+BL92+BK92+BJ92+BI92+BH92+BG92+BF92+BE92+BD92+BC92+BB92+BA92+AZ92+AY92+AX92+AW92+AV92+AU92+AT92+AS92+AR92+AQ92+AP92+AO92+AN92+AM92+AL92+AK92+AJ92+AI92+AH92+AG92+AF92+AE92+AD92+AC92+AB92+AA92+Z92+Y92+X92+W92+V92+U92+T92+S92+R92+Q92+P92+O92+N92+M92+L92+K92+J92+I92+H92+G92+F92+E92+D92+C92 -> 10000
A93: F1.1572 | B93: VP137346.0004 | BN93: =BM93+BL93+BK93+BJ93+BI93+BH93+BG93+BF93+BE93+BD93+BC93+BB93+BA93+AZ93+AY93+AX93+AW93+AV93+AU93+AT93+AS93+AR93+AQ93+AP93+AO93+AN93+AM93+AL93+AK93+AJ93+AI93+AH93+AG93+AF93+AE93+AD93+AC93+AB93+AA93+Z93+Y93+X93+W93+V93+U93+T93+S93+R93+Q93+P93+O93+N93+M93+L93+K93+J93+I93+H93+G93+F93+E93+D93+C93 -> 0
A94: F1.1756 | B94: W700970 | C94: 10000 | L94: 10000 | BN94: =BM94+BL94+BK94+BJ94+BI94+BH94+BG94+BF94+BE94+BD94+BC94+BB94+BA94+AZ94+AY94+AX94+AW94+AV94+AU94+AT94+AS94+AR94+AQ94+AP94+AO94+AN94+AM94+AL94+AK94+AJ94+AI94+AH94+AG94+AF94+AE94+AD94+AC94+AB94+AA94+Z94+Y94+X94+W94+V94+U94+T94+S94+R94+Q94+P94+O94+N94+M94+L94+K94+J94+I94+H94+G94+F94+E94+D94+C94 -> 20000
A95: F1.1871 | B95: 限压圆形环9*11*6 | I95: 4000 | BN95: =BM95+BL95+BK95+BJ95+BI95+BH95+BG95+BF95+BE95+BD95+BC95+BB95+BA95+AZ95+AY95+AX95+AW95+AV95+AU95+AT95+AS95+AR95+AQ95+AP95+AO95+AN95+AM95+AL95+AK95+AJ95+AI95+AH95+AG95+AF95+AE95+AD95+AC95+AB95+AA95+Z95+Y95+X95+W95+V95+U95+T95+S95+R95+Q95+P95+O95+N95+M95+L95+K95+J95+I95+H95+G95+F95+E95+D95+C95 -> 4000
A96: F1.1872 | B96: 限压圆形环9*9*6 | I96: 4000 | BN96: =BM96+BL96+BK96+BJ96+BI96+BH96+BG96+BF96+BE96+BD96+BC96+BB96+BA96+AZ96+AY96+AX96+AW96+AV96+AU96+AT96+AS96+AR96+AQ96+AP96+AO96+AN96+AM96+AL96+AK96+AJ96+AI96+AH96+AG96+AF96+AE96+AD96+AC96+AB96+AA96+Z96+Y96+X96+W96+V96+U96+T96+S96+R96+Q96+P96+O96+N96+M96+L96+K96+J96+I96+H96+G96+F96+E96+D96+C96 -> 4000
A97: F1.1956 | B97: 32055435T | BN97: =BM97+BL97+BK97+BJ97+BI97+BH97+BG97+BF97+BE97+BD97+BC97+BB97+BA97+AZ97+AY97+AX97+AW97+AV97+AU97+AT97+AS97+AR97+AQ97+AP97+AO97+AN97+AM97+AL97+AK97+AJ97+AI97+AH97+AG97+AF97+AE97+AD97+AC97+AB97+AA97+Z97+Y97+X97+W97+V97+U97+T97+S97+R97+Q97+P97+O97+N97+M97+L97+K97+J97+I97+H97+G97+F97+E97+D97+C97 -> 0
A98: F1.2108 | B98: 隔音棉 | G98: 2000 | I98: 2000 | BN98: =BM98+BL98+BK98+BJ98+BI98+BH98+BG98+BF98+BE98+BD98+BC98+BB98+BA98+AZ98+AY98+AX98+AW98+AV98+AU98+AT98+AS98+AR98+AQ98+AP98+AO98+AN98+AM98+AL98+AK98+AJ98+AI98+AH98+AG98+AF98+AE98+AD98+AC98+AB98+AA98+Z98+Y98+X98+W98+V98+U98+T98+S98+R98+Q98+P98+O98+N98+M98+L98+K98+J98+I98+H98+G98+F98+E98+D98+C98 -> 4000
A99: F1.2126 | D99: 4000 | BH99: 10000 | BN99: =BM99+BL99+BK99+BJ99+BI99+BH99+BG99+BF99+BE99+BD99+BC99+BB99+BA99+AZ99+AY99+AX99+AW99+AV99+AU99+AT99+AS99+AR99+AQ99+AP99+AO99+AN99+AM99+AL99+AK99+AJ99+AI99+AH99+AG99+AF99+AE99+AD99+AC99+AB99+AA99+Z99+Y99+X99+W99+V99+U99+T99+S99+R99+Q99+P99+O99+N99+M99+L99+K99+J99+I99+H99+G99+F99+E99+D99+C99 -> 14000
A100: F1.2115 | B100: W714922-S300 | C100: 24000 | D100: 24000 | L100: 24000 | BN100: =BM100+BL100+BK100+BJ100+BI100+BH100+BG100+BF100+BE100+BD100+BC100+BB100+BA100+AZ100+AY100+AX100+AW100+AV100+AU100+AT100+AS100+AR100+AQ100+AP100+AO100+AN100+AM100+AL100+AK100+AJ100+AI100+AH100+AG100+AF100+AE100+AD100+AC100+AB100+AA100+Z100+Y100+X100+W100+V100+U100+T100+S100+R100+Q100+P100+O100+N100+M100+L100+K100+J100+I100+H100+G100+F100+E100+D100+C100 -> 72000
...

Sheet 2023年5月材料领用          
A1: 2023年5月份深远材料辅件领用清单
A2: 材料代码 | B2: 日期 数量 名称 | C2: 45047 | D2: 45050 | E2: 45052 | F2: 45054 | G2: 45058 | H2: 45061 | I2: 45056 | J2: 45059 | K2: 45057 | L2: 45062 | M2: 45068 | N2: 45069 | BG2: 45072 | BH2: 45073 | BI2: 45075 | BJ2: 45064 | BK2: 45076 | BN2: 深远
A3: A1.1811 | B3: PP-CGF+TD235 | BN3: =BM3+BL3+BK3+BJ3+BI3+BH3+BG3+BF3+BE3+BD3+BC3+BB3+BA3+AZ3+AY3+AX3+AW3+AV3+AU3+AT3+AS3+AR3+AQ3+AP3+AO3+AN3+AM3+AL3+AK3+AJ3+AI3+AH3+AG3+AF3+AE3+AD3+AC3+AB3+AA3+Z3+Y3+X3+W3+V3+U3+T3+S3+R3+Q3+P3+O3+N3+M3+L3+K3+J3+I3+H3+G3+F3+E3+D3+C3 -> 0
A4: A1.1812 | B4: PA6 BKV60HZ.0WSS | BN4: =BM4+BL4+BK4+BJ4+BI4+BH4+BG4+BF4+BE4+BD4+BC4+BB4+BA4+AZ4+AY4+AX4+AW4+AV4+AU4+AT4+AS4+AR4+AQ4+AP4+AO4+AN4+AM4+AL4+AK4+AJ4+AI4+AH4+AG4+AF4+AE4+AD4+AC4+AB4+AA4+Z4+Y4+X4+W4+V4+U4+T4+S4+R4+Q4+P4+O4+N4+M4+L4+K4+J4+I4+H4+G4+F4+E4+D4+C4 -> 0
A5: A1.1131 | B5: PA66-FG30A104GH | BN5: =BM5+BL5+BK5+BJ5+BI5+BH5+BG5+BF5+BE5+BD5+BC5+BB5+BA5+AZ5+AY5+AX5+AW5+AV5+AU5+AT5+AS5+AR5+AQ5+AP5+AO5+AN5+AM5+AL5+AK5+AJ5+AI5+AH5+AG5+AF5+AE5+AD5+AC5+AB5+AA5+Z5+Y5+X5+W5+V5+U5+T5+S5+R5+Q5+P5+O5+N5+M5+L5+K5+J5+I5+H5+G5+F5+E5+D5+C5 -> 0
A6: A5.4332 | B6: PA66 101LNC010 | BN6: =BM6+BL6+BK6+BJ6+BI6+BH6+BG6+BF6+BE6+BD6+BC6+BB6+BA6+AZ6+AY6+AX6+AW6+AV6+AU6+AT6+AS6+AR6+AQ6+AP6+AO6+AN6+AM6+AL6+AK6+AJ6+AI6+AH6+AG6+AF6+AE6+AD6+AC6+AB6+AA6+Z6+Y6+X6+W6+V6+U6+T6+S6+R6+Q6+P6+O6+N6+M6+L6+K6+J6+I6+H6+G6+F6+E6+D6+C6 -> 0
A7: A1.4335 | B7: PA66 A3K NC | BN7: =BM7+BL7+BK7+BJ7+BI7+BH7+BG7+BF7+BE7+BD7+BC7+BB7+BA7+AZ7+AY7+AX7+AW7+AV7+AU7+AT7+AS7+AR7+AQ7+AP7+AO7+AN7+AM7+AL7+AK7+AJ7+AI7+AH7+AG7+AF7+AE7+AD7+AC7+AB7+AA7+Z7+Y7+X7+W7+V7+U7+T7+S7+R7+Q7+P7+O7+N7+M7+L7+K7+J7+I7+H7+G7+F7+E7+D7+C7 -> 0
A8: A1.4338 | B8: PA66 C200 BK121 | C8: 2000 | BN8: =BM8+BL8+BK8+BJ8+BI8+BH8+BG8+BF8+BE8+BD8+BC8+BB8+BA8+AZ8+AY8+AX8+AW8+AV8+AU8+AT8+AS8+AR8+AQ8+AP8+AO8+AN8+AM8+AL8+AK8+AJ8+AI8+AH8+AG8+AF8+AE8+AD8+AC8+AB8+AA8+Z8+Y8+X8+W8+V8+U8+T8+S8+R8+Q8+P8+O8+N8+M8+L8+K8+J8+I8+H8+G8+F8+E8+D8+C8 -> 2000
A9: A1.4354 | B9: PA66GF30AKROM117 | BN9: =BM9+BL9+BK9+BJ9+BI9+BH9+BG9+BF9+BE9+BD9+BC9+BB9+BA9+AZ9+AY9+AX9+AW9+AV9+AU9+AT9+AS9+AR9+AQ9+AP9+AO9+AN9+AM9+AL9+AK9+AJ9+AI9+AH9+AG9+AF9+AE9+AD9+AC9+AB9+AA9+Z9+Y9+X9+W9+V9+U9+T9+S9+R9+Q9+P9+O9+N9+M9+L9+K9+J9+I9+H9+G9+F9+E9+D9+C9 -> 0
A10: A1.4377 | B10: PA6 ALCOM GF10 | BN10: =BM10+BL10+BK10+BJ10+BI10+BH10+BG10+BF10+BE10+BD10+BC10+BB10+BA10+AZ10+AY10+AX10+AW10+AV10+AU10+AT10+AS10+AR10+AQ10+AP10+AO10+AN10+AM10+AL10+AK10+AJ10+AI10+AH10+AG10+AF10+AE10+AD10+AC10+AB10+AA10+Z10+Y10+X10+W10+V10+U10+T10+S10+R10+Q10+P10+O10+N10+M10+L10+K10+J10+I10+H10+G10+F10+E10+D10+C10 -> 0
A11: A1.4404 | B11: PBTGFH | BN11: =BM11+BL11+BK11+BJ11+BI11+BH11+BG11+BF11+BE11+BD11+BC11+BB11+BA11+AZ11+AY11+AX11+AW11+AV11+AU11+AT11+AS11+AR11+AQ11+AP11+AO11+AN11+AM11+AL11+AK11+AJ11+AI11+AH11+AG11+AF11+AE11+AD11+AC11+AB11+AA11+Z11+Y11+X11+W11+V11+U11+T11+S11+R11+Q11+P11+O11+N11+M11+L11+K11+J11+I11+H11+G11+F11+E11+D11+C11 -> 0
