Workbook

Sheet 供货产能合计
A1: 产能分析表（2024） 填报时间：
A2: 设备 | B2: 分类 | C2: 1月 | D2: 2月 | E2: 3月 | F2: 4月 | G2: 5月 | H2: 6月 | I2: 7月 | J2: 8月 | K2: 9月 | L2: 10月 | M2: 11月 | N2: 12月
A3: 1000T | B3: 设备总产能 | C3: =SUMIFS(#REF!,#REF!,供货产能合计!$A3) -> #REF! | D3: =SUMIFS(#REF!,#REF!,供货产能合计!$A3) -> #REF! | E3: =SUMIFS(#REF!,#REF!,供货产能合计!$A3) -> #REF! | F3: =SUMIFS(#REF!,#REF!,供货产能合计!$A3) -> #REF! | G3: =SUMIFS(#REF!,#REF!,供货产能合计!$A3) -> #REF! | H3: =SUMIFS(#REF!,#REF!,供货产能合计!$A3) -> #REF! | I3: =SUMIFS(#REF!,#REF!,供货产能合计!$A3) -> #REF! | J3: =SUMIFS(#REF!,#REF!,供货产能合计!$A3) -> #REF! | ... N3: =SUMIFS(#REF!,#REF!,供货产能合计!$A3) -> #REF!
B4: 上海金榕
B5: 其他客户 | C5: =C3-C4 -> #REF! | D5: =D3-D4 -> #REF! | E5: =E3-E4 -> #REF! | F5: =F3-F4 -> #REF! | G5: =G3-G4 -> #REF! | H5: =H3-H4 -> #REF! | I5: =I3-I4 -> #REF! | J5: =J3-J4 -> #REF! | ... N5: =N3-N4 -> #REF!
B6: 剩余产能
C7: =SUMIFS(#REF!,#REF!,供货产能合计!$A7) -> #REF! | D7: =SUMIFS(#REF!,#REF!,供货产能合计!$A7) -> #REF! | E7: =SUMIFS(#REF!,#REF!,供货产能合计!$A7) -> #REF! | F7: =SUMIFS(#REF!,#REF!,供货产能合计!$A7) -> #REF! | G7: =SUMIFS(#REF!,#REF!,供货产能合计!$A7) -> #REF! | H7: =SUMIFS(#REF!,#REF!,供货产能合计!$A7) -> #REF! | I7: =SUMIFS(#REF!,#REF!,供货产能合计!$A7) -> #REF! | J7: =SUMIFS(#REF!,#REF!,供货产能合计!$A7) -> #REF! | ... N7: =SUMIFS(#REF!,#REF!,供货产能合计!$A7) -> #REF!
B8: 其他客户 | C8: 0.2 | D8: 0.2 | E8: 0.2 | F8: 0.2 | G8: 0.2 | H8: 0.2 | I8: 0.2 | J8: 0.2 | K8: 0.2 | L8: 0.2 | M8: 0.2 | N8: 0.2
B9: 剩余产能 | C9: =1-C8-C7 -> #REF! | D9: =1-D8-D7 -> #REF! | E9: =1-E8-E7 -> #REF! | F9: =1-F8-F7 -> #REF! | G9: =1-G8-G7 -> #REF! | H9: =1-H8-H7 -> #REF! | I9: =1-I8-I7 -> #REF! | J9: =1-J8-J7 -> #REF! | ... N9: =1-N8-N7 -> #REF!
C10: =SUMIFS(#REF!,#REF!,供货产能合计!$A10) -> #REF! | D10: =SUMIFS(#REF!,#REF!,供货产能合计!$A10) -> #REF! | E10: =SUMIFS(#REF!,#REF!,供货产能合计!$A10) -> #REF! | F10: =SUMIFS(#REF!,#REF!,供货产能合计!$A10) -> #REF! | G10: =SUMIFS(#REF!,#REF!,供货产能合计!$A10) -> #REF! | H10: =SUMIFS(#REF!,#REF!,供货产能合计!$A10) -> #REF! | I10: =SUMIFS(#REF!,#REF!,供货产能合计!$A10) -> #REF! | J10: =SUMIFS(#REF!,#REF!,供货产能合计!$A10) -> #REF! | ... N10: =SUMIFS(#REF!,#REF!,供货产能合计!$A10) -> #REF!
B11: 其他客户 | C11: 0.2 | D11: 0.2 | E11: 0.2 | F11: 0.2 | G11: 0.2 | H11: 0.2 | I11: 0.2 | J11: 0.2 | K11: 0.2 | L11: 0.2 | M11: 0.2 | N11: 0.2
B12: 剩余产能 | C12: =1-C11-C10 -> #REF! | D12: =1-D11-D10 -> #REF! | E12: =1-E11-E10 -> #REF! | F12: =1-F11-F10 -> #REF! | G12: =1-G11-G10 -> #REF! | H12: =1-H11-H10 -> #REF! | I12: =1-I11-I10 -> #REF! | J12: =1-J11-J10 -> #REF! | ... N12: =1-N11-N10 -> #REF!
C13: =SUMIFS(#REF!,#REF!,供货产能合计!$A13) -> #REF! | D13: =SUMIFS(#REF!,#REF!,供货产能合计!$A13) -> #REF! | E13: =SUMIFS(#REF!,#REF!,供货产能合计!$A13) -> #REF! | F13: =SUMIFS(#REF!,#REF!,供货产能合计!$A13) -> #REF! | G13: =SUMIFS(#REF!,#REF!,供货产能合计!$A13) -> #REF! | H13: =SUMIFS(#REF!,#REF!,供货产能合计!$A13) -> #REF! | I13: =SUMIFS(#REF!,#REF!,供货产能合计!$A13) -> #REF! | J13: =SUMIFS(#REF!,#REF!,供货产能合计!$A13) -> #REF! | ... N13: =SUMIFS(#REF!,#REF!,供货产能合计!$A13) -> #REF!
B14: 其他客户 | C14: 0.2 | D14: 0.2 | E14: 0.2 | F14: 0.2 | G14: 0.2 | H14: 0.2 | I14: 0.2 | J14: 0.2 | K14: 0.2 | L14: 0.2 | M14: 0.2 | N14: 0.2
B15: 剩余产能 | C15: =1-C14-C13 -> #REF! | D15: =1-D14-D13 -> #REF! | E15: =1-E14-E13 -> #REF! | F15: =1-F14-F13 -> #REF! | G15: =1-G14-G13 -> #REF! | H15: =1-H14-H13 -> #REF! | I15: =1-I14-I13 -> #REF! | J15: =1-J14-J13 -> #REF! | ... N15: =1-N14-N13 -> #REF!
A16: 新增设备直接复制3行，但设备名称必须要和设备产能分析保持一致，否则公式不成立 | C16: =SUMIFS(#REF!,#REF!,供货产能合计!$A16) -> #REF! | D16: =SUMIFS(#REF!,#REF!,供货产能合计!$A16) -> #REF! | E16: =SUMIFS(#REF!,#REF!,供货产能合计!$A16) -> #REF! | F16: =SUMIFS(#REF!,#REF!,供货产能合计!$A16) -> #REF! | G16: =SUMIFS(#REF!,#REF!,供货产能合计!$A16) -> #REF! | H16: =SUMIFS(#REF!,#REF!,供货产能合计!$A16) -> #REF! | I16: =SUMIFS(#REF!,#REF!,供货产能合计!$A16) -> #REF! | J16: =SUMIFS(#REF!,#REF!,供货产能合计!$A16) -> #REF! | ... N16: =SUMIFS(#REF!,#REF!,供货产能合计!$A16) -> #REF!
B17: 其他客户 | C17: 0.2 | D17: 0.2 | E17: 0.2 | F17: 0.2 | G17: 0.2 | H17: 0.2 | I17: 0.2 | J17: 0.2 | K17: 0.2 | L17: 0.2 | M17: 0.2 | N17: 0.2
B18: 剩余产能 | C18: =1-C17-C16 -> #REF! | D18: =1-D17-D16 -> #REF! | E18: =1-E17-E16 -> #REF! | F18: =1-F17-F16 -> #REF! | G18: =1-G17-G16 -> #REF! | H18: =1-H17-H16 -> #REF! | I18: =1-I17-I16 -> #REF! | J18: =1-J17-J16 -> #REF! | ... N18: =1-N17-N16 -> #REF!
A23: 注：
A24: 本分析表作为金榕新项目发包评估供方可承接新项目必要依据，各供方要对分析结果负责，如发生发包后产能不足导致退包或者项目交付延期，后果由承接供方承担。

Sheet 设备台账
A1: 序号 | B1: 供应商名称 | C1: 产线 | D1: 主要设备清单（注塑） | H1: 备注
D2: 注塑设备吨位 级进/单工程 | E2: 台面及闭合高度 | G2: 设备数量
A3: 1
D33: 焊接设备 | G33: 100 | H33: 机器人焊接
