Workbook
Name DFMEAClass: #REF!
Name DFMEAClass: #N/A
Name PFMEACL: #REF!
Name PFMEACL: #N/A
Name PFMEAClas: #REF!
Name PFMEAClas: #N/A
Name PFMEACLASS: #REF!,#REF!,#REF!,#REF!
Name PFMEACLASS: #N/A
Name Status: #REF!
Name Status: #N/A
Name YesNo: #REF!
Name YesNo: #N/A

Sheet DATA CONTROL
A1: Special Characteristics Summary Sheet
A2: DATA CONTROL SHEET
B3: JLR-TMP-46598 Iss. 5.0
A4: DFMEA Data (Generic)
A5: ID number (e.g. Reliasoft ####) | B5: 4181
A6: CDSID of DFMEA owner | B6: Sean Oakwood
A7: CDSID of GL | B7: MPYKA
A8: Date and time of DFMEA extract | B8: 45967
A10: Project Specific Data
A11: Project Name | B11: L463 30MY
A12: Cycle Plan Code | B12: Y9250A
A13: Part Name(s) | B13: ACCESS PANEL
A14: Part Number(s) | B14: Z7B2-13A994-AAW
A15: Project Engineer | B15: MMINDA1
A17: Supplier
A18: Company Name | B18: TBC
A19: Recipient's name | B19: TBC
A20: GSDB | B20: TBC
A22: Other Contacts
A23: CDSID of ME owner | B23: JAMES WENHAM
A24: Service owner | B24: SAMUEL MORRIS
A28: Official Record JLR-RMP item 25.01, Retention S+12, Confidential

Sheet ME (inc MP&L)
A1: Special Characteristics Summary Sheet - JLR PE to | F1: {=MID(CELL("filename",A1),FIND("]",CELL("filename",A1))+1,256)} -> ME (inc MP&L) | K1: JLR-TMP-46598 Issue 5.0
A2: Note: For Special Characteristic definitions refer to the AIAG-VDA Handbook | K2: Official Record JLR-RMP item 25.01, Retention S+12, Confidential
A4: ='DATA CONTROL'!B5 -> 4181 | C4: ='DATA CONTROL'!B8 -> 45967
A5: Part Name(s): | C5: ='DATA CONTROL'!B13 -> ACCESS PANEL
A6: DFMEA owner: | C6: ='DATA CONTROL'!B6 -> Sean Oakwood
A7: Group Leader: | C7: ='DATA CONTROL'!B7 -> MPYKA
A8: Project Engineer: | C8: ='DATA CONTROL'!B15 -> MMINDA1
A9: Programme Name: | C9: ='DATA CONTROL'!B11 -> L463 30MY
A10: Cycle Plan Code: | C10: ='DATA CONTROL'!B12 -> Y9250A
A11: Part number(s): | C11: ='DATA CONTROL'!B14 -> Z7B2-13A994-AAW
A13: JLR Engineering DFMEA cascade | H13: Recipient: populate data control tab
A14: No. | B14: JLR DFMEA Function | C14: JLR DFMEA Cause | D14: What specifically needs to be controlled? | E14: Characteristic, specification & Tolerance | F14: Severity (DFMEA Score) | G14: Sub-area for cascade | H14: Approval | I14: PFMEA Class (CC, SC) | J14: Date | K14: Approval comments

Sheet Supplier (Make to Print)
A1: Special Characteristics Summary Sheet - JLR PE to | G1: {=MID(CELL("filename",A1),FIND("]",CELL("filename",A1))+1,256)} -> Supplier (Make to Print) | N1: JLR-TMP-46598 Issue 5.0
A2: Note: For Special Characteristic definitions refer to the AIAG-VDA Handbook | N2: Official Record JLR-RMP item 25.01, Retention S+12, Confidential
A4: ='DATA CONTROL'!B5 -> 4181 | C4: 46210 | F4: SUPPLIER NAME | G4: ='DATA CONTROL'!B18 -> TBC | J4: Supplier Quality: (Name/ Date / Signature) | L4: < enter name > | M4: dd/mm/yyyy
A5: Part Name(s): | C5: ='DATA CONTROL'!B13 -> ACCESS PANEL
A6: DFMEA owner: | C6: ='DATA CONTROL'!B6 -> Sean Oakwood
A7: Group Leader: | C7: MPYKA | F7: JLR STA: (Name/ Date / Signature) | G7: < enter name > | I7: dd/mm/yyyy | J7: Supplier Engineering: (Name/ Date / Signature) | L7: < enter name > | M7: dd/mm/yyyy
A8: Project Engineer: | C8: MMINDA1
A9: Programme Name: | C9: ='DATA CONTROL'!B11 -> L463 30MY
A10: Cycle Plan Code: | C10: ='DATA CONTROL'!B12 -> Y9250A | F10: JLR Engineering: (Name/ Date / Signature) | G10: JBOWYER2/MMINDA1 | I10: dd/mm/yyyy | J10: Supplier Manufacturing: (Name/ Date / Signature) | L10: < enter name > | M10: dd/mm/yyyy
A11: Part number(s): | C11: ='DATA CONTROL'!B14 -> Z7B2-13A994-AAW
B12: GSDB: | C12: ='DATA CONTROL'!B20 -> TBC
A15: JLR Engineering DFMEA cascade | G15: Recipient | N15: populate data control tab
A16: No. | B16: What specifically needs to be controlled? | E16: Severity (DFMEA Score) | F16: Characteristic, specification & Tolerance | G16: Approval | H16: Approval comments | I16: PFMEA No & Line ID | J16: PFMEA Class | K16: Process Control Method as defined on Control Plan (Process Parameters / Product Evaluation) | L16: PFMEA Detection Rating | M16: Control Plan Item reference ID | N16: Operator Work Instruction item reference ID
A17: 1 | B17: REG
A18: 1.1 | B18: Materials burn at >100mm/min | E18: YC | F18: FMVSS302 <100mm/min
A19: 1.2 | B19: Materials burn at >100mm/min | E19: YC | F19: Comply with CQC16-491264-2018
A20: 1.3 | B20: CQC/CCAP requirements | E20: YC | F20: Comply with CHN. ANNOUNCEMENT 44/2019 CQC/CCAP CERTIFICATION FOR INTERIOR TRIMMING MATERIAL
A21: 2 | B21: Component Presence
A22: 2.1 | B22: Presence of metal clips, position check | E22: Medium | F22: Clips are present and assembled as per CAD design
A23: 2.2 | B23: Floor Mat Clip presence, position and retention check | E23: Medium | F23: Clips are present and assembled as per CAD design. Retention to be as per ITW drawing
A24: 3 | B24: Material Construction
A25: 3.1 | B25: Material Construction | E25: Medium | F25: Material Conformity
A26: 3.2 | B26: PV Testing | E26: High | F26: Refer to 3D drawing notes & PVP&R
A27: 4 | B27: Appearance Approval
A28: 4.1 | B28: Visual Apperance | E28: YS | F28: Parts to be free from flash, sinkmarks and all imperfections
A29: 4.2 | B29: Colour and grain does not match the master colour plaque | E29: YS | F29: Colour matched to the master plaque
A30: 5 | B30: Part marking
A31: 5.1 | B31: Label part marking | E31: Medium | F31: Label failure (in the case of adhesive label) - STJLR.51.5182 - Performance requirements of labels
A32: 5.2 | B32: Adhering to part marking, Branding standards, Location & orientation | E32: YC | F32: RM-8500 JLR Corporate E108 Parts and Accessories Branding Policy
A33: 6 | B33: Tolerancing
A34: 6.1 | B34: Geometric tolerances | E34: Medium | F34: Parts to meet STJLR.51.5261 and GD&T specifications
A35: 6.2 | B35: Measurement points, gap & flush | E35: Medium | F35: To be measured as per the drawings
A36: 6.3 | B36: Weight tolerance | E36: Medium | F36: Component to be delivered between +/-10% weight tolerance TBC

Sheet JLR Eng 
A1: Special Characteristics Summary Sheet - JLR PE to | F1: {=MID(CELL("filename",A1),FIND("]",CELL("filename",A1))+1,256)} -> JLR Eng | J1: JLR-TMP-46598 Issue 5.0
A2: Note: For Special Characteristic definitions refer to the AIAG-VDA Handbook | J2: Official Record JLR-RMP item 25.01, Retention S+12, Confidential
A4: ='DATA CONTROL'!B5 -> 4181 | C4: ='DATA CONTROL'!B8 -> 45967
A5: Part Name(s): | C5: ='DATA CONTROL'!B13 -> ACCESS PANEL
A6: DFMEA owner: | C6: ='DATA CONTROL'!B6 -> Sean Oakwood
A7: Group Leader: | C7: ='DATA CONTROL'!B7 -> MPYKA
A8: Project Engineer: | C8: ='DATA CONTROL'!B15 -> MMINDA1
A9: Programme Name: | C9: ='DATA CONTROL'!B11 -> L463 30MY
A10: Cycle Plan Code: | C10: ='DATA CONTROL'!B12 -> Y9250A
A11: Part number(s): | C11: ='DATA CONTROL'!B14 -> Z7B2-13A994-AAW
A13: JLR Engineering DFMEA cascade | H13: Recipient: populate data control tab
A14: No. | B14: JLR DFMEA Function | C14: JLR DFMEA Cause | D14: What specifically needs to be controlled? | E14: Characteristic, specification & Tolerance | F14: Severity (DFMEA Score) | G14: Sub-area for cascade | H14: Approval | I14: Date | J14: Approval comments

Sheet Service
A1: Special Characteristics Summary Sheet - JLR PE to | G1: {=MID(CELL("filename",A1),FIND("]",CELL("filename",A1))+1,256)} -> Service | H1: JLR-TMP-46598 Issue 5.0
A2: Note: For Special Characteristic definitions refer to the AIAG-VDA Handbook | H2: Official Record JLR-RMP item 25.01, Retention S+12, Confidential
A4: ='DATA CONTROL'!B5 -> 4181 | C4: ='DATA CONTROL'!B8 -> 45967
A5: Part Name(s): | C5: ='DATA CONTROL'!B13 -> ACCESS PANEL
A6: DFMEA owner: | C6: ='DATA CONTROL'!B6 -> Sean Oakwood
A7: Group Leader: | C7: ='DATA CONTROL'!B7 -> MPYKA
A8: Project Engineer: | C8: ='DATA CONTROL'!B15 -> MMINDA1
A9: Programme Name: | C9: ='DATA CONTROL'!B11 -> L463 30MY
A10: Cycle Plan Code: | C10: ='DATA CONTROL'!B12 -> Y9250A
A11: Part number(s): | C11: ='DATA CONTROL'!B14 -> Z7B2-13A994-AAW
A13: JLR Engineering DFMEA cascade | G13: Recipient: populate data control tab
A14: No. | B14: JLR DFMEA Function | C14: JLR DFMEA Cause | D14: What specifically needs to be controlled? | E14: Characteristic, specification & Tolerance | F14: Severity (DFMEA Score) | G14: Approval | H14: Approval comments

Sheet Revision History
A1: ISSUE LEVEL | B1: DATE | C1: DETAILS | D1: NAME/CDSID
A2: 1 | B2: 43396 | C2: First Publication on the JLR Way | D2: Phil Houghton (phought3)
A3: 1.1 | B3: 43642 | C3: Document changes are limited to: text formatting, text re-organisation, minor clarifications, spelling, adding explanation to definitions, expanding abbreviations, etc. | D3: Phil Houghton (phought3)
A4: 2 | B4: 44099 | C4: Reviewed and approved. Process ownership to be moved to quality strategy | D4: David Eaves (deaves)
A5: 2.1 | B5: 44314 | C5: Document changes are limited to: text formatting, text re-organisation, minor clarifications, spelling, adding explanation to definitions, expanding abbreviations, etc. | D5: Antonio Tedesco (atedesco)
A6: 3 | B6: 44538 | C6: Template updated in line with Product Engineering Quality improvement project TP-001. Key contacts BSORBIE, CCOSTEL1, CDELL2 Document Approvals on the JLR Way by: Martin Brown, Andrew Schoolar, Liam Taylor, Large, Stephen (S.), Greg Walsh, Stuart Woodcock, Joel Wymer,Peter Skinner. | D6: Corinne Dell (cdell)
A7: 3.1 | B7: 44565 | C7: RMP marking to correct formula to reflect JLR way document number and issue level on 3 of the sheets corrected. No other changes. | D7: Corinne Dell (cdell)
A8: 3.2 | B8: 44749 | C8: Document republished on the JLR Way with no changes | D8: Abdul-Aziz (aaziz1)
A9: 4 | B9: 45056 | C9: Revision History Added. Document approver names/approvals updated. Data Control: GSDB field added. Supplier (Make to Print/Design): Column E/D for Severity added. Eng JLR: Tab/Sheet re-instated with DFMEA updated to Severity and Date field added. | D9: Clare Hynds (ccostel1)
A10: 4.1 | B10: 45216 | C10: Warning message added to the DFMEA entry boxes (Requirement is already in the procedure Stage 1/Step 2): "If you have added any additional product requirements to the SCSS for your programme, you must add an action into the DRBFM to review/update the core DFMEA to reflect the new additional requirements" | D10: Ian Stevens (istevens)
A11: 5 | B11: 45365 | C11: • DATA CONTROL- CDSID requirement added for ME owner. • ALL TABS- Severity dropdown now aligned to Reliasoft 1, 5, 6, 8, 10. • ALL TABS- Approval dropdown now Approved, Queried, Rejected. • ALL TABS - Where broken, DATA CONTROL Formulae fixed. • ME (inc MP&L) - PFMEA Class dropdown added CC,SC,blank. • Supplier (Make to Print) - PFMEA Class dropdown selections removed. | D11: Ian Stevens (istevens)

Sheet Dropdowns
A1: TAB NAME
A2: ME (inc MP&L) | B2: Supplier (Make to Print) | C2: Supplier (Design Resp.) | D2: JLR Eng | E2: Service
A3: FIELD & DATA
A4: Approval | B4: Approval | C4: Approval | D4: Approval | E4: Approval
A5: Approved | B5: Approved | C5: Approved | D5: Approved | E5: Approved
A6: Queried | B6: Queried | C6: Queried | D6: Queried | E6: Queried
A7: Rejected | B7: Rejected | C7: Rejected | D7: Rejected | E7: Rejected
A8: Severity (DFMEA Score 1-10) | B8: Severity (DFMEA Score 1-10) | C8: Severity (DFMEA Score 1-10) | D8: Severity (DFMEA Score 1-10) | E8: Severity (DFMEA Score 1-10)
A9: 1 | B9: 1 | C9: 1 | D9: 1 | E9: 1
A10: 5 | B10: 5 | C10: 5 | D10: 5 | E10: 5
A11: 6 | B11: 6 | C11: 6 | D11: 6 | E11: 6
A12: 8 | B12: 8 | C12: 8 | D12: 8 | E12: 8
A13: 10 | B13: 10 | C13: 10 | D13: 10 | E13: 10
A14: PFMEA Class | B14: PFMEA Class | C14: PFMEA Class
A15: CC | B15: Leave blank | C15: Leave blank
A16: SC
B18: PFMEA Detection Rating | C18: PFMEA Detection Rating
B19: Leave blank | C19: Leave blank
